ID,Title,URL/Username
https://t.me/c/2101419295,Finance with sharan,https://t.me/Finance_with_sharan_YT
https://t.me/c/1382742898,Ğ¨Ğ°Ñ€Ğ°Ğ½Ğ°Ğ³Ğ°Ñ‚Ğ¸,https://t.me/sharanagati_bhajans
https://t.me/c/1689317682,Ramakrishna Sharanam,https://t.me/RamakrishnaParamahamsa
https://t.me/c/1824548906,ğ™ğ™ƒğ˜¼ğ™ğ˜¼ğ™‰ ğ˜½ğ™‚ğ™ˆğ™„ ğ™ğ™ğ™Šğ™ğ™€,https://t.me/SHARANXSHOP
https://t.me/c/1726484866,Sharansh's NF MartğŸ‘ğŸ˜,https://t.me/sharanshnf
https://t.me/c/1578933874,Ğ¡Ñ‚ÑƒĞ´Ğ¸Ñ Alisa Sharanina,https://t.me/AlisaSharanina
https://t.me/c/1195304350,AME'S Sharangdhara samhita made easy,https://t.me/sharangdhara
https://t.me/c/1131682604,Ø´Ø§Ø±Ø§Ù†,https://t.me/sharan1
https://t.me/c/1569430521,ğŸ’‹Pooja HegdeğŸ’‹,https://t.me/actress_pooja_hegde
https://t.me/c/1144078624,Pooja Hegde ğŸ’ƒ,https://t.me/Pooja_Hegde_Official
https://t.me/c/1171262325,Pooja Hegde,https://t.me/Pooja_Hegde_Fc
https://t.me/c/1678971063,Pooja hegde fappersğŸ˜ğŸ˜,https://t.me/poojafappers
https://t.me/c/1751561226,Hegdex Exchange,https://t.me/Hegdex
https://t.me/c/1783413303,Pooja Hegde fappers,https://t.me/fapppi
https://t.me/c/1586397596,Ğ®Ñ€Ğ¸ÑÑ‚ ĞĞ°Ñ‚Ğ°Ğ»ÑŒÑ Ğ¨Ğ°Ñ€Ğ°Ğ½Ğ¸Ğ½Ğ° /Ğ¡Ğ¿Ğ¸ÑĞ°Ğ½Ğ¸Ğµ Ğ”Ğ¾Ğ»Ğ³Ğ¾Ğ²,https://t.me/natalia_sharanina
https://t.me/c/2008098175,Finance with sharan course,https://t.me/time_mannegmet_dhrve
https://t.me/c/1883019309,Finance With Sharan's New Latest Upload Download Course,https://t.me/Finance_With_Sharan_New_Course
https://t.me/c/1968859745,ğğšğ­ğ¨ğ ğ®ğ¦ğšğ«ğ ğšğ¦ ğœğšğ¥ğ¥ ğ ğ¢ğ«ğ¥ ğ¬ğ¡ğšğ«ğšğ§ğ©ğ®ğ« ğ‘ğšğ°ğšğ­ğ›ğ¡ğšğ­ğš ğ†ğ®ğ¥ğšğ›ğ©ğ®ğ«ğš_ğ˜½ğ™šğ™–ğ™¬ğ™–ğ™§ ğ—¯ğ—®ğ—¿ğ—®ğ—»,https://t.me/pratapgarh_jhalawar_call_girls
https://t.me/c/1519367918,ĞšĞ˜ĞĞĞ¢Ğ•ĞĞ¢Ğ  Ğ¨ĞĞ ĞĞ,https://t.me/cinema_sharan
https://t.me/c/1692422786,"Deo Sharan Women's Evening College, Sohsarai, Bihar Sharif ,Nalanda",https://t.me/DSWomensEveningCollegeSohsaraiBr
https://t.me/c/2159773016,Basics Of Stock Market By CA Rachana Ranade Personal Finance Made Simple With Sharan Hegde,https://t.me/Rachana_Ranade_Sharan_Hegde
https://t.me/c/2227761907,Personal Finance Made Simple With Sharan Hegde Personal Financial Management By CA Rachana Ranade Mastering Money Management 69,https://t.me/Sharan_Hegde_Rachana_Ranade
https://t.me/c/1474509502,CA Chinmaya Hegde FR SFM,https://t.me/cachinmayahegde
https://t.me/c/2137499328,Pooja Hegde Fans Club,https://t.me/poojahegdeforyou
https://t.me/c/1728957833,BS HEGDE CINEMAS,https://t.me/BSHEGDE3
https://t.me/c/2080192401,BS HEGDE CREATIONS,https://t.me/dramaworld3
https://t.me/c/1703211468,BS HEGDE MOVIE COLLECTIONS,https://t.me/bhargushiva
https://t.me/c/1515177194,CAPTIONS COOL [SINCE 2015],https://t.me/pooja_hegde11
https://t.me/c/2091238537,Sharan Exchange,https://t.me/SharafExchange
https://t.me/c/1434973451,Ramakrishna Sharanam || à¦°à¦¾à¦®à¦•à§ƒà¦·à§à¦£ à¦¶à¦°à¦£à¦®,https://t.me/ramakrishna_sharanam
https://t.me/c/1806254645,Super Sharanya | Turning Red Movie ğŸ’¯,https://t.me/Super_Sharanya_Movie_Turning_Red
https://t.me/c/1709132279,TEAM SHARANG,https://t.me/SHARANG_IND
https://t.me/c/1958037993,Sharanya turadi,https://t.me/sharanyaturadi
https://t.me/c/1572802419,Super Sharanya Turning Red MovieğŸ¥ğŸ¿,https://t.me/Super_Sharanya_Turning_Red_Movie
https://t.me/c/1858040587,Tech sharan âš¡,https://t.me/techsharan9azxbfsann
https://t.me/c/1186045302,Shreya Tyagi || Neelam Bhanushali || Sharanya Jit Kaur,https://t.me/shreyatyagi_neelambhanushali
https://t.me/c/1795885752,Pooja Hegde Tributers Telugu,https://t.me/PoojaHegde_Tributers
https://t.me/c/1732077358,Sharan Hegde | Investing,https://t.me/financewithsharan_Trades
https://t.me/c/1516305611,THE BLUE BERRY HEGDE FUND,https://t.me/blueberryhegde
https://t.me/c/1150315144,Radhe Shyam (Tamil + Telugu + Malayalam + Kannada + Hindi) Prabhas | Pooja Hegde,https://t.me/new_movies_telugu_1
https://t.me/c/1588893955,Nagavara thanisandra Hegde nagar,https://t.me/QuBjEtFzqzRDWuyH9
https://t.me/c/1577658072,Sharan Hegde | Investing,https://t.me/Financewithsharan00
https://t.me/c/1485562419,Hegde's Hedge,https://t.me/hegdeshedge
https://t.me/c/2019298745,Madhu Sharma Hot | Pakhi Hegde Hot Scenes,https://t.me/ShubhiSharmaHot_PriyankaPandit
https://t.me/c/2206776262,Personal Finance Made Simple With Sharan Hegde Fundamental Analysis 2.0 Course By CA Rachana Ranade,https://t.me/Sharan_Hegde_Course
https://t.me/c/2230488488,Fundamental Analysis 2.0 Course By CA Rachana Ranade Personal Finance Made Simple With Sharan Hegde,https://t.me/FundamentalAnalysisRachana
https://t.me/c/2067725953,Sharan Hegde | Investing ğŸ—½,https://t.me/financewsharann
https://t.me/c/1814561128,Finance With Sharan ï¸ Youtube,https://t.me/Finance_With_Sharan_Hegde_YT
https://t.me/c/2211160876,Sharan Hegde Personal Finance Made Simple Course Futures and Options Course By CA Rachana Ranade,https://t.me/Sharan_Hegde_Futures_Options
https://t.me/c/2100768767,Hedgex Fund Official,https://t.me/hegdexfund
https://t.me/c/1972013088,Finance with sharan,https://t.me/Financerealwithsharan01
https://t.me/c/1960366878,Finance with sharan - 1% club,https://t.me/sharan_finance
https://t.me/c/1956364254,Finance With Sharan,https://t.me/Finance_With_Sharan2
https://t.me/c/1484955337,ZEN INVESTMENTS by Sharan,https://t.me/httpstme8jnScgbQDxiNGJl
https://t.me/c/2114892856,https://me/shahtanjonubi,https://t.me/sharanjonubi
https://t.me/c/1620038579,IPS SHARAN - UPSC Prep,https://t.me/UPSC_PREP_WITH_SHARAN
https://t.me/c/1903461436,MAKE FINANCE WITH SHARAN,https://t.me/FINANCE_WITH_SHARAN_1
https://t.me/c/2156395118,Arena Breakout news || with a hedgehogğŸ¦”,https://t.me/hegdehofnews
https://t.me/c/2081657452,Pooja Hegde,https://t.me/nftuio
https://t.me/c/1578145530,Pooja hegde,https://t.me/nfhhfgjjv
https://t.me/c/1354232542,Ahyaksha in America Sharan New movie,https://t.me/bettaswamyqwertyu
https://t.me/c/2104951950,ğŸ‘‰ğŸ’‹ ğŸ„¿ğŸ„¾ğŸ„¾ğŸ„¹ğŸ„°ğŸ„½XV ğŸ„·ğŸ„´ğŸ„¶ğŸ„³ğŸ„´ğŸ„ºCX ğŸ‘™ ğŸ…‚ğŸ„´ğŸ…ˆğŸ„±CK ğŸ„°ğŸ„¼ğŸ„´ğŸ…ğŸ„¸ğŸ„²ğŸ„°ğŸ„½ğŸ„·PG ğŸ„¿ğŸ„¸ğŸ„´ğŸ…‰XZ ğŸ„½ğŸ…„ğŸ„³ğŸ„¶HX,https://t.me/XXXND_XNAU_COMTX
https://t.me/c/1146753077,Ú¯Ø§Ù„Ø±ÛŒ Ø´Ø§Ø±Ø§Ù†,https://t.me/sharan_mezon
https://t.me/c/1599054346,Sharantho (Medellin #5) Fabrica,https://t.me/SharanthoMedellin5
https://t.me/c/1372483620,Saved messge,https://t.me/sharan18sony
https://t.me/c/1639807298,Ù…ÙŠØ®ØµÙƒØ´ ÙŠÙƒØ³Ø³Ù…Ùƒ,https://t.me/Messi_Sharany
https://t.me/c/1511497043,MAHAKAAL KI SHARAN MEIN,https://t.me/mahakaal_ki_sharan_mein
https://t.me/c/1997785728,Req me movie kannadaâ¤ï¸,https://t.me/sharankumar98
https://t.me/c/1533710116,(Ù…Ø²ÙˆÙ† Ø´Ø§Ø±Ø§Ù†) mezon_sharan,https://t.me/mezon_sharan
https://t.me/c/1754930438,shopsy online shopping,https://t.me/sharanshcollection123
https://t.me/c/1971046080,Sharan sharma fantasy,https://t.me/sharansharmaoffcer
https://t.me/c/1455722270,Movies & web series linksğŸ˜,https://t.me/sharansh_maheshwari
https://t.me/c/1690120280,SHARANSH. SATTA. KING.,https://t.me/SHARANSH_SATTAKING_GALLI_DISAWAR
https://t.me/c/1571979723,Earning apps,https://t.me/sharanshearningapp
https://t.me/c/1643949487,Online store (sharansh collection)â¤ï¸,https://t.me/sharanshcollection
https://t.me/c/2188583926,Sharan Hegde Personal Finance Made Simple Course Rachana Ranade Basic Of Stock Market Course Future and options course Rachana,https://t.me/Basics_Stock_Market_Rachana_89
https://t.me/c/1971317033,Sharannu poojari,https://t.me/sharannu
https://t.me/c/1986390871,Pooja hegde hot photos,https://t.me/pooja_hegde_hot_photos
https://t.me/c/1883684410,Pooja Hegde,https://t.me/Pooja_Hegde_photo
https://t.me/c/1113031192,{ğ˜•ğ˜¦ğ˜©ğ˜¢ ğ˜˜ğ˜¶ğ˜¦ğ˜¦ğ˜¯ },https://t.me/Pooja_Hegde0
https://t.me/c/1472143022,ğ™‚ğ™Šğ™‡ğ˜¿ğ™ˆğ™„ğ™‰ğ™€ğ™ {ğ˜½ğ™‡ğ˜¼ğ˜¾ğ™† ğ™‚ğ™Šğ™‡ğ˜¿},https://t.me/Pooja_Hegde5
https://t.me/c/2073770267,Pooja Hegde Official â¤ï¸ğŸ¥µ,https://t.me/hegde_poojaa
https://t.me/c/1386919597,SWAMYIE SHARANAM AYYAPPA ğŸ™ğŸ™ğŸ™,https://t.me/swamiye
https://t.me/c/1970044362,Yuddham Sharanam South Indian movie in Hindi dubbed,https://t.me/Yuddham_Sharanam_movie_in_Hindi
https://t.me/c/1861616393,ĞŸÑ€Ğ¸Ğ±ĞµĞ¶Ğ¸Ñ‰Ğµ ĞĞ´Ğ²Ğ°Ğ¹Ñ‚Ñ‹ ÑĞ¸Ğ´Ğ´Ñ…Ğ¾Ğ²,https://t.me/sharanam_advayta
https://t.me/c/1814832671,Yuddham Sharanam South Indian movie in Hindi dubbed,https://t.me/Yuddham_Sharanam_inHindi
https://t.me/c/2114412100,Yuddham Sharanam South Indian movie in Hindi dubbed,https://t.me/Yuddham_Sharanam_movie_inHindi
https://t.me/c/2035526835,sharanam,https://t.me/sharanam
