Keyword,Title,Source Link,Description
oswaal books,Oswaal CBSE Chapterwise & Topicwise Question Bank ...,https://www.meesho.com/oswaal-cbse-chapterwise-topicwise-question-bank-class-10-social-science-basic-book-used-condition/p/49w5l5?srsltid=AfmBOorEkXdvv6twN9-SyyMgUsukdmZGCz1a7eIAgHA8TVmUeGmwKyUp,Oswaal CBSE Chapterwise & Topicwise Question Bank Class 10 Social Science Basic Book | Used Condition. Wishlist. Share. ₹250. ₹223 with 2 Special Offers ...
oswaal books,Oswaal CBSE Question Bank Class 10 (Set of 4 Books) ...,https://www.meesho.com/oswaal-cbse-question-bank-class-10-set-of-4-books-science-social-science-mathematics-basic-computer-app-combined-updated-for-term-1-2/p/1vwqyz?srsltid=AfmBOoogh75Jufp7RcJPgS0dz3NHxPCtGh4K-hWmBLrkKiAJcfQT2XzF,"Oswaal CBSE Question Bank Class 10 (Set of 4 Books) Science, Social Science, Mathematics Basic, Computer App [Combined & Updated for Term 1 & 2]"
oswaal books,Oswaal CBSE Sample Question Papers Class 12 Physics ...,https://www.meesho.com/oswaal-cbse-sample-question-papers-class-12-physics-chemistry-biology-set-of-3-books-for-board-exams-2024-2023-24/p/67fmgp?srsltid=AfmBOoo6W8i18913E3DzKfwb6xuznN_wEHoShjtEZFAzmVUXNJf_luF5,"Oswaal CBSE Sample Question Papers Class 12 Physics, Chemistry & Biology (Set of 3 Books) (For Board Exams 2024) | 2023-24. Wishlist."
oswaal books,"Oswaal One For All Workbook Class 1 English, Math ...",https://www.meesho.com/oswaal-one-for-all-workbook-class-1-english-math-science-general-knowledge-set-of-4-books-for-latest-exam/p/1xaids?srsltid=AfmBOoom_4VlvexNuWPpZp5fWBoqcXjxhZhBooo4EEpEC6Kzt61wWtbm,"Name: Oswaal One For All Workbook Class 1 English, Math, Science & General Knowledge (Set of 4 Books) (For Latest Exam) Book Format: Bundle Genre: Reference ..."
oswaal books,"Oswaal CBSE MCQs - Chapterwise For Term I & II, Class ...",https://www.meesho.com/oswaal-cbse-mcqs-chapterwise-for-term-i-ii-class-12-chemistry-paperback-oswaal-books/p/1dr0lt?srsltid=AfmBOoqyFsgVX3AQ3gOKEkhWTbG3L1ux1NG4b14CEO59QXKPW2KE4Jec,"Name: Oswaal CBSE MCQs - Chapterwise For Term I & II, Class 12, Chemistry (Paperback, oswaal books) Board: CBSE Book Format: Paperback Genre: Reference ..."
oswaal books,Oswaal CBSE Chapterwise & Topicwise Question Bank ...,https://www.meesho.com/oswaal-cbse-chapterwise-topicwise-question-bank-class-11-biology-book-for-2023-24-exam/p/3s54be?srsltid=AfmBOoq8PlsSCt0aOVbQZ7J9dzrhU6gzu-Ru_tQBMFDS6PLRxgaPaH5p,Oswaal CBSE Chapterwise & Topicwise Question Bank Class 11 Biology Book (For 2023-24 Exam). Wishlist. Share. ₹449. ₹418 with 1 Special Offer. Select Size.
oswaal books,"Oswaal CBSE MCQs Chapterwise For Term I & II, Class 10 ...",https://www.meesho.com/oswaal-cbse-mcqs-chapterwise-for-term-i-ii-class-10-computer-application-paperback-oswaal-books-cbse-question-papers/p/1drp53?srsltid=AfmBOoo5sdUhpVFNDNnnS7oXYxY99VnvZ9uBcci3mBN2LcZ5xzSzKklk,"Oswaal CBSE MCQs Chapterwise For Term I & II, Class 10, Computer Application (Paperback, oswaal books) CBSE Question Papers. Wishlist."
oswaal books,"Oswaal NCERT Workbooks Class 5 Math, English, Hindi & ...",https://www.meesho.com/oswaal-ncert-workbooks-class-5-math-english-hindi-environmental-studies-set-of-4-books-for-latest-exam/p/2itu2z?srsltid=AfmBOopjmvXSpu8G12lin_omp1uP9j1ALmeJRCkcwqcwvou4jzhGaKz7,"Name: Oswaal NCERT Workbooks Class 5 Math, English, Hindi & Environmental Studies (Set of 4 Books ) (For latest Exam) Author: Oswaal Editorial Board Book ..."
oswaal books,Oswaal NCERT Workbooks Class 2 (Set of 3 Books ) Math ...,https://www.meesho.com/oswaal-ncert-workbooks-class-2-set-of-3-books-math-magic-english-marigold-hindi-rimjhim-black-white-for-latest-exam/p/1daf43?srsltid=AfmBOore1JY4cFLJ6X_jnNRWXA28Oj7z1KwQrebf4NaPpGS4fy7lOY0Z,"Name: Oswaal NCERT Workbooks Class 2 (Set of 3 Books ) Math Magic, English Marigold, Hindi Rimjhim (Black & White) (For latest Exam) Language: English Book ..."
oswaal books,Oswaal CBSE Chapterwise & Topicwise Question Bank ...,https://www.meesho.com/oswaal-cbse-chapterwise-topicwise-question-bank-class-10-computer-application-book-for-2023-exam/p/1rjb91?srsltid=AfmBOopHlfsiKDjFgm7YxzFA2SCE9SPymb_IpNjFjaaa01ZnGRplEJSm,Author: Oswaal Editorial Board Board: CBSE Book Format: Paperback Genre: Reference Grade: 10 ISBN: 9789355951762 Language: English Pages: 201-300 Pages ...
oswaal books,Oswaal CBSE Chapterwise & Topicwise Question Bank ...,https://www.meesho.com/oswaal-cbse-chapterwise-topicwise-question-bank-class-10-mathematics-standard-book-oswaal-cbse-chapterwise-topicwise-question-bank-class-10-social-science-book-product-bundle/p/3l391u?srsltid=AfmBOooJwCNib1av8y1tkAKAFQ0ZeUUodpdqSaznOUJyMLRDyhBf0QM2,Name: Oswaal CBSE Chapterwise & Topicwise Question Bank Class 10 Mathematics Standard Book & Oswaal CBSE Chapterwise & Topicwise Question Bank Class 10 ...
oswaal books,"Oswaal CBSE Accountancy, English Core, Business ...",https://www.meesho.com/oswaal-cbse-accountancy-english-core-business-studies-mathematics-class-11-sample-question-papers-set-of-4-books-for-2023-exam/p/2wawx8?srsltid=AfmBOorFLKFvxWkst0pLQ1jKLBeQ3vLiEC8pmmGu7L-8gXx1JtYFi4cz,"Name: Oswaal CBSE Accountancy, English Core, Business Studies & Mathematics Class 11 Sample Question Papers (Set of 4 Books) (For 2023 Exam) Author: Oswaal ..."
oswaal books,"Oswaal CBSE Question Bank Class 12 Physics, Chemistry ...",https://www.meesho.com/oswaal-cbse-question-bank-class-12-physics-chemistry-mathematics-set-of-3-books-for-2023-exam/p/1rjb93?srsltid=AfmBOorgWyNcfEA6W1tBlDh94NjBHVkUpuoqop6x78nCk-FMkyPaXQK3,"Name: Oswaal CBSE Question Bank Class 12 Physics, Chemistry & Mathematics (Set of 3 Books) (For 2023 Exam) Author: Oswaal Editorial Board Board: CBSE Book ..."
oswaal books,"Oswaal ICSE Question Banks Class 9 Physics, Chemistry ...",https://www.meesho.com/oswaal-icse-question-banks-class-9-physics-chemistry-maths-and-biology-set-of-4-books-for-2023-24-exam/p/4hvfi1?srsltid=AfmBOorGEazSIvaBc4PwL36CQjHdnuVwIJVQD1wkLKJDNYpizYWfAO_R,... Books) For 2023-24 Exam Author: Oswaal Editorial Board Board: CISCE Book Format: Bundle Genre: School Books Grade: 9 ISBN: 9789357281119 Language: English ...
oswaal books,"Oswaal CBSE Hindi A, Hindi B, English, Science, Social ...",https://www.meesho.com/oswaal-cbse-hindi-a-hindi-b-english-science-social-science-mathematics-class-9-sample-question-papers-set-of-6-books-for-2023-exam/p/2zzjjv?srsltid=AfmBOorXHUpBK3vNeeyEuWXTcQl2F2K8oT5LmiFX66_VaujpzbAqBJB6,"9 Feb 2023 — Name: Oswaal CBSE Hindi A, Hindi B, English, Science, Social Science & Mathematics Class 9 Sample Question Papers (Set of 6 Books) (For 2023 ..."
oswaal books,OSWAAL BOOKS Learning Made Simple CBSE ...,https://www.meesho.com/oswaal-books-learning-made-simple-cbse-question-bank-chapterwise-topicwise-solved-papers-class-10-mathematics-standard-english-paperback-includes-latest-competency-based-questions/p/25molp?srsltid=AfmBOop8yYiuxaeBma-lcRw8vKQy1lOfeRtUNnJsNQbq-e_5qHFNuiaA,Name: OSWAAL BOOKS Learning Made Simple CBSE QUESTION BANK. Chapterwise & Topicwise Solved papers CLASS 10 . Mathematics (Standard) (English paperback).
oswaal books,Oswaal CBSE Question Bank Class 11 (Set of 3 Books) ...,https://www.meesho.com/oswaal-cbse-question-bank-class-11-set-of-3-books-history-geography-political-science-for-2022-exam/p/1vwqyw?srsltid=AfmBOoo1h_UIfC5rQjZw2-Yfj68Ox3eT9AZTn6IR1qN9GyMBgbDnHmNX,"Name: Oswaal CBSE Question Bank Class 11 (Set of 3 Books) History, Geography, Political Science (For 2022 Exam) Language: English Book Format: Paperback ..."
oswaal books,Oswaal CBSE & NCERT QUESTION BANK Class 7 (SET ...,https://www.meesho.com/oswaal-cbse-ncert-question-bank-class-7-set-of-3-books-mathematics-science-social-science/p/1vw4t8?srsltid=AfmBOorw7AjJVoNFL4PU5fOkGkz4YcWW1clSCxcVsuIbnhjTW3AVhwB-,"Name: Oswaal CBSE & NCERT QUESTION BANK Class 7 (SET OF 3 BOOKS) Mathematics, Science, Social Science Language: English Book Format: Paperback Genre: ..."
oswaal books,UPSC CSE PRELIM EXAMINATION GENERAL STUDIES ...,https://www.meesho.com/upsc-cse-prelim-examination-general-studies-manual-oswaal-books/p/74du9q?srsltid=AfmBOoqQrVU58xi44NQsXXDG0nqobb06uvkuRgzSwnBoX7LBStYpbLRj,Author: OSWAAL Book Format: Paperback Edition: 2024 Genre: Exam Preparation ISBN: 9789357289016 Language: English Pages: 801-900 Pages Publish Year: 2024 ...
oswaal books,Oswaal One for All Olympiad Previous Years Solved ...,https://www.meesho.com/oswaal-one-for-all-olympiad-previous-years-solved-papers-class-1-set-of-5-books-mathematics-english-science-reasoning-general-knowledge-for-2022-23-exam/p/1daldp?srsltid=AfmBOorWEXDwO7xWoRe2GXHNoQjcNGBJsNmiAdVEP4EsBjkier3QYe16,"... Books) Mathematics, English, Science, Reasoning & General Knowledge (For 2022-23 Exam) Author: Oswaal Editorial Board Board: Olympiads & Scholarship Exams Book ..."
oswaal books,Oswaal CAT 25 Years' Chapter-wise and Topic ...,https://www.meesho.com/oswaal-cat-25-years-chapter-wise-and-topic-wise-solved-papers-question-bank-1990-2008-2017-2023-varc-dilr-qa-for-2024-exam/p/3tiisu?srsltid=AfmBOooJoWD_6r1ga12tNkKtVTk5eklB_NrQ4qAXFe2fpCHJZcuuo-24,... Oswaal Editorial Board Book Format: Paperback Genre: Reference ISBN: 9789356348486 Language: English Pages: 801-900 Pages Publish Year: 2023 Publisher: Oswaal ...
oswaal books,Oswaal NDA-NA National Defence Academy / Naval ...,https://www.meesho.com/oswaal-nda-na-national-defence-academy-naval-academy-yearwise-2017-2023-12-solved-papers-mathematics-for-2023-24-exam-paperback-oswaal-editorial-board/p/5th0cp?srsltid=AfmBOopms_j6FnNkigunee7J0VkJwoxDL00f9vf7bovM1CDjiJ3tBNHi,... Oswaal Editorial Board) Author: Oswaal Books And Learning Private Limited Book Format: Paperback Edition: 2023 Genre: Exam Preparation ISBN: null Language ...
oswaal books,Oswaal CBSE ONE for ALL Class 10 (Set of 3 Books) ...,https://www.meesho.com/oswaal-cbse-one-for-all-class-10-set-of-3-books-mathematics-standard-science-social-science-for-2022-exam-thesauruses-reference-worktextbooks/p/1vw6pm?srsltid=AfmBOopciN1JYIeVDTBScMEPHFtPfdP-ULn0v6zENRNc9rzeKSk9Bz11,"Name: Oswaal CBSE ONE for ALL Class 10 (Set of 3 Books) Mathematics (Standard), Science, Social Science (For 2022 Exam) Thesauruses & Reference ..."
oswaal books,2nd hand book (Used Like New) - Oswaal NCERT ...,https://www.meesho.com/2nd-hand-book-used-like-new-oswaal-ncert-exemplar-9-maths/p/450x6o?srsltid=AfmBOoq7OFeD_1ceDEaFKIZ1foAd-m1ckHLxfFm3k_wGgp8yWrI6WdR5,Name: 2nd hand book (Used Like New) - Oswaal NCERT Exemplar 9 Maths Age Group: 8+ Type: Math Net Quantity (N): 1 Chapter wise & Topic wise presentation for ...
oswaal books,Oswaal CBSE Chapterwise & Topicwise Question Bank ...,https://www.meesho.com/oswaal-cbse-chapterwise-topicwise-question-bank-class-12-history-book-for-2023-exam-paperback-oswaal-editorial-board/p/3l33hr?srsltid=AfmBOorsw99rsCKfYYcPEJc62wj3rLzB3AKl9uakHgc4UJiFEb92IEk8,"Name: Oswaal CBSE Chapterwise & Topicwise Question Bank Class 12 History Book (For 2023 Exam) (Paperback, Oswaal Editorial Board) Author: OSWAAL Board: CBSE ..."
oswaal books,Oswaal CBSE Question Bank Chapterwise For Term 2 ...,https://www.meesho.com/oswaal-cbse-question-bank-chapterwise-for-term-2-class-12-set-of-4-books-english-core-accountancy-business-studies-economics-for-2022-exam/p/1d8ss4?srsltid=AfmBOoqwM9knLRTt0zvi2MCXH842V1jrYI8WfkvUkjhDo4flnA6qGz4b,"Name: Oswaal CBSE Question Bank Chapterwise For Term 2, Class 12 (Set of 4 Books) English Core, Accountancy, Business Studies & Economics (For 2022 Exam) ..."
oswaal books,"Oswaal CBSE Question Bank Class 10 Hindi-A,",https://www.meesho.com/oswaal-cbse-question-bank-class-10-hindi-a/p/7k8fjr?srsltid=AfmBOorNyN79dm-KvA-HENhQ89IZAP7seTgr2veST1IegyPQd-fnK_v4,"Name: Oswaal CBSE Question Bank Class 10 Hindi-A, Author: Oswaal Books Board: CBSE Book Format: Paperback Edition: latest Genre: Reference Grade: 10 ISBN: ..."
oswaal books,Oswaal CBSE Chapterwise & Topicwise Question Bank ...,https://www.meesho.com/oswaal-cbse-chapterwise-topicwise-question-bank-class-9-social-science-book-2024-exam-by-oswaal-editorial-boar/p/56zhyp?srsltid=AfmBOor_NT4zYmnCgtIEa2-cHVZwD_YcPoYsWwgtSNeoIfE1PzIxMTmB,... Oswaal Editorial Boar Author: Oswaal Editorial Board Board: CBSE Book Format: Paperback Edition: 2024 Genre: School Books Grade: 9 ISBN: 9789356348844 ...
oswaal books,"Oswaal CBSE Sample Question Paper For Term 2, Class ...",https://www.meesho.com/oswaal-cbse-sample-question-paper-for-term-2-class-10-set-of-5-books-hindi-a-english-science-social-science-mathstandard-for-2022-exam/p/1D8SPS?srsltid=AfmBOopAUWVkhnmNVqTUpSQcLKBakbxGHLSbUkSGT_PR1JOSkjGyNIIV,"Name: Oswaal CBSE Sample Question Paper For Term 2, Class 10 (Set of 5 Books) Hindi A, English, Science, Social Science & Math(Standard) (For 2022 Exam) ..."
oswaal books,Oswaal NEET (UG) 37 Years' Chapter-Wise & Topic- ...,https://www.meesho.com/oswaal-neet-ug-37-years-chapter-wise-topic-wise-solved-papers-physics-chemistry-biology-1988-2024-set-of-3-books-for-2025-exam/p/7cfskc?srsltid=AfmBOorSt0CwROGEWeBnLKOad_ORRAwSi498JwI0v1qP5Y9cTZ2TP7bc,"Name: Oswaal NEET (UG) 37 Years' Chapter-Wise & Topic-Wise Solved Papers | Physics, Chemistry & Biology (1988-2024) | Set of 3 Books | For 2025 Exam Author: ..."
oswaal books,Oswaal CBSE Sample Question Papers Class 12 English ...,https://www.meesho.com/oswaal-cbse-sample-question-papers-class-12-english-physics-chemistry-mathematics-set-of-4-books-for-board-exams-2024-2023-24/p/68tr1y?srsltid=AfmBOoqm2jLPlbInlitUDhjiRxLXaiQNo9ywFLBtAj-9CuxhtjCH80uz,"Name: Oswaal CBSE Sample Question Papers Class 12 English, Physics, Chemistry & Mathematics (Set of 4 Books) (For Board Exams 2024) | 2023-24 Author: OSWAAL ..."
oswaal books,Oswaal ICSE Question Bank Class 10 Commercial Studies ...,https://www.meesho.com/oswaal-icse-question-bank-class-10-commercial-studies-book/p/5c2zfz?srsltid=AfmBOopMcVAkGhBvZ-oqhU6N37Ub-A526b7hDZU3fWfYAGuIMYZr8rAf,Name: Oswaal ICSE Question Bank Class 10 Commercial Studies Book Author: Oswaal Board: CBSE Book Format: Paperback Genre: Exam Preparation Grade: 10 ISBN: ...
oswaal books,Oswaal NTA CUET (UG) Mock Test Sample Question ...,https://www.meesho.com/oswaal-nta-cuet-ug-mock-test-sample-question-papers-english-physics-chemistry-biology-general-test-set-of-5-booksentrance-exam-preparation-book-2024/p/3spatx?srsltid=AfmBOopEA5EsIKaz244p2m8hfaUNLVprj1ntlshpvUXtepKmpZi5WlWx,"Name: Oswaal NTA CUET (UG) Mock Test Sample Question Papers English, Physics, Chemistry, Biology & General Test (Set of 5 Books)(Entrance Exam Preparation ..."
oswaal books,Oswaal ICSE Question Bank Class 9 History and Civics ...,https://www.meesho.com/oswaal-icse-question-bank-class-9-history-and-civics-book-for-2024-exam/p/3vgv4t?srsltid=AfmBOopq5WwFv4IUh59zUt-33YYmG7qVuiPCuAJqudJ4yw82b9_pKDaT,Name: Oswaal ICSE Question Bank Class 9 History and Civics Book (For 2024 Exam) Author: Oswaal Editorial Board Board: CISCE Book Format: Paperback Genre: ...
oswaal books,Oswaal CBSE Sample Question Papers Class 10 English ...,https://www.meesho.com/oswaal-cbse-sample-question-papers-class-10-english-language-literature-book-for-2024-exam/p/5J05T2?srsltid=AfmBOoqmG52Wu-x7iuMOfHXIlvGFZ18TaFCLcjMmrOrQcWD8foduHuHE,Author: OSWAAL Board: CBSE Book Format: Paperback Edition: 2024 Genre: Exam Preparation Grade: 10 ISBN: 9789357283885 Language: English Pages: 101-200 Pages ...
oswaal books,Oswaal Objective General English For All Competitive ...,https://www.meesho.com/oswaal-objective-general-english-for-all-competitive-examinations-chapter-wise-topic-wise-a-complete-book-on-english-language/p/4iuv9y?srsltid=AfmBOornQKQdBocP6ygyM3XxeOucHwxNXScWPPphwb6kJS8pbCA4LOoj,Name: Oswaal Objective General English For All Competitive Examinations Chapter-wise & Topic-wise A Complete Book on English Language Author: Oswaal ...
oswaal books,Oswaal CBSE Question Bank Class 12 (Set of 3 Books) ...,https://www.meesho.com/oswaal-cbse-question-bank-class-12-set-of-3-books-history-geography-political-science-combined-updated-for-term-1-2/p/1vwque?srsltid=AfmBOopfSPn4G9jNA1v-s5GtnHbap4MB40yGxT9IAXRTS3VtKHymy0JG,"Name: Oswaal CBSE Question Bank Class 12 (Set of 3 Books) History, Geography, Political Science [Combined & Updated for Term 1 & 2] Language: English Book ..."
oswaal books,Oswaal CBSE 10 Sample Question Papers Class,https://www.meesho.com/oswaal-cbse-10-sample-question-papers-class-12-business-studies/p/5gh57w?ms=2&srsltid=AfmBOopb57BoSVI0QA7wyvOz8JFpDbXE0YbV1Lj-T01_Q56sbH1LaoJL,Name: Oswaal CBSE 10 Sample Question Papers Class - 12 Business Studies Author: Oswaal Editorial Board Board: CBSE Book Format: Paperback Brand: 3H Learning ...
oswaal books,Oswaal ICSE Question Bank Class 9 Commercial Studies ...,https://www.meesho.com/oswaal-icse-question-bank-class-9-commercial-studies-book-for-2024-exam/p/3u65i1?srsltid=AfmBOooWuH4gQpCvYp81TZw3WGPmnjHbfNp3GpWBfJ0hUKzPkh_2ACHv,Name: Oswaal ICSE Question Bank Class 9 Commercial Studies Book (For 2024 Exam) Author: Oswaal Editorial Board Board: CISCE Book Format: Paperback Genre: ...
oswaal books,Oswaal ISC Question Bank Class 11 Computer Science ...,https://www.meesho.com/oswaal-isc-question-bank-class-11-computer-science-book-chapterwise-topicwise-for-2024-exam/p/3umz8t?srsltid=AfmBOooHBpmlDpZBAhpGjWH_wroCgxVe4XqK8OzFcXRqL0L128SxOHH0,Name: Oswaal ISC Question Bank Class 11 Computer Science Book Chapterwise & Topicwise (For 2024 Exam) Author: Oswaal Editorial Board Board: CISCE Book ...
oswaal books,Oswaal CBSE Chapterwise Solved Papers 2023-2014 ...,https://www.meesho.com/oswaal-cbse-chapterwise-solved-papers-2023-2014-english-core-class-12th-for-2024-board-exams/p/64l73g?srsltid=AfmBOop5j1kd66GGgqUnSqg21wgaZS4YSMYqDd8uqsTVWbQ3YdLqM6NM,Name: Oswaal CBSE Chapterwise Solved Papers 2023-2014 English Core Class 12th (For 2024 Board Exams) Author: OSWAAL Board: CBSE Book Format: Paperback ...
oswaal books,"Oswaal CBSE 6 Yearwise Solved Papers, Class 12 ...",https://www.meesho.com/oswaal-cbse-6-yearwise-solved-papers-class-12-humanities-hindi-core-english-core-history-political-science-geography-book-for-2022-23-exam/p/2eekn4?srsltid=AfmBOooMx6DuywlruqsxjkpHvgi8YWG2NEIhm1-M2MibCU9ObIv6DwcO,"Name: Oswaal CBSE 6 Yearwise Solved Papers, Class 12, Humanities (Hindi Core, English Core, History, Political Science, Geography) Book (For 2022-23 Exam) ..."
oswaal books,"Oswaal ICSE English Paper 1, English Paper 2, Physics ...","https://www.meesho.com/Oswaal%20ICSE%20English%20Paper%201,%20English%20Paper%202,%20Physics,%20Chemistry%20&%20Math%20Class%209%20Sample%20Question%20Papers%20(Set%20of%205%20Books)%20(For%202023%20Exam)/p/2VTPEQ?srsltid=AfmBOopfE6AgAYcZF1Oxa_pFCKurKMWEmTGrpDgRaEVAwdd7w8IYlFHk","Name: Oswaal ICSE English Paper 1, English Paper 2, Physics, Chemistry & Math Class 9 Sample Question Papers (Set of 5 Books) (For 2023 Exam) Author: Oswaal ..."
oswaal books,"Oswaal One For All Workbook, Class-1, English (For Latest ...",https://www.meesho.com/oswaal-one-for-all-workbook-class-1-english-for-latest-exam/p/1xaidk?srsltid=AfmBOoryhq5konNx9Nqjf42KJWpXtlE9wt34-qmmzbToWfNHBOfwI2mU,"Name: Oswaal One For All Workbook, Class-1, English (For Latest Exam) Book Format: Paperback Genre: Reference Language: English Pages: 501-600 Pages Publish ..."
oswaal books,Oswaal One For All Olympiad Previous Years' Solved ...,https://www.meesho.com/oswaal-one-for-all-olympiad-previous-years-solved-papers-class-4-general-knowledge-book-for-2023-exam/p/1daldk?srsltid=AfmBOoqLGSLHp22NFNNk8LEh2hrXzUHLeIEJAFSvIKi-5m_35WEhH_Jq,"Name: Oswaal One For All Olympiad Previous Years' Solved Papers, Class-4 General Knowledge Book (For 2023 Exam) Author: Oswaal Editorial Board Board: ..."
oswaal books,Oswaal GATE 13 Years' Solved Papers Year-wise 2010- ...,https://www.meesho.com/oswaal-gate-13-years-solved-papers-year-wise-2010-2022-set-of-2-books-engineering-maths-general-aptitute-for-2023-exam-reference/p/1x48ed?srsltid=AfmBOoobT1Twulu951_wO9SVPFyt_KZ7AxUb61O43PnTpPmoLfTwBCA3,Name: Oswaal GATE 13 Years' Solved Papers Year-wise 2010-2022 (Set Of 2 Books) Engineering Maths & General Aptitute (For 2023 Exam) Reference Book Format: ...
oswaal books,Oswaal ISC Question Bank Class 11 Economics Book ...,https://www.meesho.com/oswaal-isc-question-bank-class-11-economics-book-for-2024-exam/p/3umz8v?srsltid=AfmBOopTZlpxRasnKom2WLKExzuAU1OF0xc1iwcKKH9A1b_j3WwmBsc7,Name: Oswaal ISC Question Bank Class 11 Economics Book (For 2024 Exam) Author: Oswaal Editorial Board Board: CISCE Book Format: Paperback Genre: School ...
oswaal books,Oswaal NCERT One For All for UPSC & State PSC's Indian ...,https://www.meesho.com/oswaal-ncert-one-for-all-for-upsc-state-pscs-indian-polity-classes-6-to-12-old-new-ncert-edition-for-2023-exam/p/3BO1ID?srsltid=AfmBOorSN5gXOCftZg36BHfDYrFHAxRKl5OJH46TA5Ad7WKdxVJlXjw6,Oswaal Books And Learning Private Limited. Edition. New. Language. English. Country of Origin. India. Manufacturer Information. Oswaal Books And Learning ...
oswaal books,Oswaal Karnataka PUE Solved Papers II PUC (Set of 3 ...,https://www.meesho.com/oswaal-karnataka-pue-solved-papers-ii-puc-set-of-3-books-english-history-hindi-for-2022-exam/p/1vwqxt?view_mode=all_r_n_r&srsltid=AfmBOop5Mrytf8ym1uzj7ks90c4-W8-FZ_iEfFV3EyA_G6M2j3EtS1ud,"29 Jul 2022 — Name: Oswaal Karnataka PUE Solved Papers II PUC (Set of 3 Books) English, History, Hindi (For 2022 Exam) Language: English Book Format: ..."
oswaal books,Oswaal NRA CET 10th Pass Chapterwise & Topicwise ...,https://www.meesho.com/oswaal-nra-cet-10th-pass-chapterwise-topicwise-question-bank-general-english-for-2022-exam-for-ssc-ibps-rrb-level-i-to-iii-recruitment-exams-ssc-books/p/1rj4cz?srsltid=AfmBOorn3o8fx7jivaGCSzjzIFIM9mCdWBML2zUME2v9U_hMPW1YwqAw,Oswaal Books And Learning Private Limited. Importer Information. Oswaal Books And Learning Private Limited. Packer Information. No information available ...
oswaal books,Oswaal CBSE Sample Question Papers Class 9 (Set of 4 ...,https://www.meesho.com/oswaal-cbse-sample-question-papers-class-9-set-of-4-books-english-hindi-a-hindi-b-sanskrit-reduced-syllabus-for-2021/p/1vwfjn?srsltid=AfmBOorNS9-MXTG4Lctig74MPDV15mYzgv3Gf-xgETcr9UpkLwH_9N5b,"Name: Oswaal CBSE Sample Question Papers Class 9 (Set of 4 Books) English, Hindi A, Hindi B, Sanskrit (Reduced Syllabus for 2021) Language: English Book ..."
oswaal books,"Oswaal Karnataka PUE Sample Question Papers, I PUC ...",https://www.meesho.com/oswaal-karnataka-pue-sample-question-papers-i-puc-class-11-chemistry-book-for-2022-exam/p/1f8dka?srsltid=AfmBOopuSrZwQ3C_FTaSi4L9DVKJqINj2pUx3sasTK4EEYpP4vil-lu8,"Name: Oswaal Karnataka PUE Sample Question Papers, I PUC Class 11, Chemistry, Book (For 2022 Exam) Book Format: Paperback Genre: Reference Language: English ..."
oswaal books,Oswaal General Knowledge NDA-NA Yearwise (2017 ...,https://www.meesho.com/oswaal-general-knowledge-ndana-yearwise-20172022-11-solved-papers-cds-yearwise-20182022-10-solved-papers-set-of-2-books-for-2023-exam/p/33oflx?srsltid=AfmBOoo0UPqrzLK7JwWmGP9HBx5CwLBw7C4sGImqa2pnc-BhUVVpn91Y,Name: Oswaal General Knowledge NDA-NA Yearwise (2017-2022) 11 Solved Papers + CDS Yearwise (2018-2022) 10 Solved Papers (Set of 2 Books) (For 2023 Exam) ...
oswaal books,Oswaal ISC Question Bank Class 12 Biology Book ...,https://www.meesho.com/oswaal-isc-question-bank-class-12-biology-book-for-2023-exam/p/1u6s44?srsltid=AfmBOoryfjiLb8BHcLx9Y9vxnlFs3G-lO-dhNwOebbLytHroSItHOAfD,Name: Oswaal ISC Question Bank Class 12 Biology Book (For 2023 Exam) Board: CISCE Book Format: Paperback Genre: Reference Grade: 12 Language: English Pages: ...
oswaal books,Oswaal CBSE Pullout Worksheets Class 10 Mathematics ...,https://www.meesho.com/oswaal-cbse-pullout-worksheets-class-10-mathematics-science-social-science-set-of-3-books-for-2023-exam/p/2nu6bm?srsltid=AfmBOorJ-4BUlq3_-YiC72JGektTpXVq97v4vJga545ENhziuqYAz0P9,"Name: Oswaal CBSE Pullout Worksheets Class 10 Mathematics, Science & Social Science (Set of 3 Books) (For 2023 Exam) Author: Oswaal Editorial Board Board: ..."
oswaal books,Oswaal CBSE Question Bank Class 10 Sanskrit,https://www.meesho.com/oswaal-cbse-question-bank-class-10-sanskrit/p/7k8ekz?srsltid=AfmBOoo5RNOjByUzOmcohimFpHjy1nnCgVZ1cD1Zdmtvj507fobRUJHk,Name: Oswaal CBSE Question Bank Class 10 Sanskrit Author: Oswaal Books Board: CBSE Book Format: Paperback Edition: latest Genre: Reference Grade: 10 ISBN: ...
oswaal books,Oswaal CBSE Chapterwise & Topicwise Question Bank ...,https://www.meesho.com/oswaal-cbse-chapterwise-topicwise-question-bank-class-10-social-science-book-for-2022-23-exam/p/1we55c?srsltid=AfmBOorBnqbw2I7Q1KnyCn-xGRzIGTsvJF7-3vPxwzBCYC093BiEWCRq,Name: Oswaal CBSE Chapterwise & Topicwise Question Bank Class 10 Social Science Book (For 2022-23 Exam) Board: CBSE Book Format: Paperback Genre: Exam ...
oswaal books,"Oswaal Karnataka PUE Sample Question Papers, II PUC ...",https://www.meesho.com/oswaal-karnataka-pue-sample-question-papers-ii-puc-class-12-history-book-for-2022-exam/p/1f8djs?srsltid=AfmBOopY__Umy-4rkEP_mW70vgz4pNL_825oeRnn5aeYFQFB6KOF2UJY,"Name: Oswaal Karnataka PUE Sample Question Papers, II PUC Class 12, History, Book (For 2022 Exam) Language: English Book Format: Paperback Genre: Reference ..."
oswaal books,Oswaal NCERT Workbooks Class 3 (Set of 3 Books ) Math ...,https://www.meesho.com/oswaal-ncert-workbooks-class-3-set-of-3-books-math-magic-english-marigold-hindi-rimjhim-for-latest-exam/p/1vwr03?srsltid=AfmBOopoNm5djO_vays1S-VYTw_GoRlHkkoUsPlEuE5w2eLhnN3T6mKR,"Name: Oswaal NCERT Workbooks Class 3 (Set of 3 Books ) Math Magic, English Marigold, Hindi Rimjhim (For latest Exam) Language: English Book Format: ..."
oswaal books,Oswaal CAT 10 Years' Chapter-wise and Topic ...,https://www.meesho.com/oswaal-cat-10-years-chapter-wise-and-topic-wise-solved-papers-question-bank-2005-2008-2017-2022-varc-dilr-qa-for-2023-exam/p/4GQZK9?srsltid=AfmBOooAKq_NDCh97cFeZJuaeTxp5r03RGfooQrUNFrcp9chVZHHBUFr,... Oswaal Editorial Board Book Format: Paperback Genre: School Books ISBN: 9789356345584 Language: English Pages: 501-600 Pages Publish Year: 2023 Publisher: ...
oswaal books,"Oswaal ICSE English Paper 1, English ...",https://www.meesho.com/oswaal-icse-english-paper-1-english-paper-2-geographyhistory-civics-class-9-sample-question-papers-set-of-4-books-for-2023-exam/p/2vtper?srsltid=AfmBOoo2jUnN5oqphe3l9yPd1SJLldCW5FwUCO1u8_BUWfxUM4F6egrB,"Name: Oswaal ICSE English Paper 1, English Paper 2, Geography,History & Civics Class 9 Sample Question Papers (Set of 4 Books) (For 2023 Exam) Author: ..."
oswaal books,"Oswaal Karnataka PUE Sample Question Papers, II PUC ...",https://www.meesho.com/oswaal-karnataka-pue-sample-question-papers-ii-puc-class-12-economics-book-for-2022-exam/p/1f8djq?srsltid=AfmBOorQFiqUF2aePHiuEotkQlUi57rzZ71OIDmJRCHFHrlRszjNW50l,"Name: Oswaal Karnataka PUE Sample Question Papers, II PUC Class 12, Economics, Book (For 2022 Exam) Book Format: Paperback Genre: Reference Language: ..."
oswaal books,"Oswaal One For All Workbook, Class-3, Science ...",https://www.meesho.com/oswaal-one-for-all-workbook-class-3-science-for-latest-exam/p/1xaido?srsltid=AfmBOoqeVRiujD6kJdh_OG6mi7MEOEbfwD6A8KZFnojT_WYxVjEs0Oq1,"Name: Oswaal One For All Workbook, Class-3, Science (For Latest Exam) Book Format: Paperback Genre: Reference Language: English Pages: 501-600 Pages Publish ..."
oswaal books,Oswaal CBSE & NCERT QUESTION BANK Class 7 (SET ...,https://www.meesho.com/oswaal-cbse-ncert-question-bank-class-7-set-of-5-books-mathematics-science-social-science-english-hindi/p/1vw1xk?srsltid=AfmBOooCnhH5cXvywH4akyoKLHUhFqAZowlT6DVA_xx0-Z6NWwu-8zaH,"Name: Oswaal CBSE & NCERT QUESTION BANK Class 7 (SET OF 5 BOOKS) Mathematics, Science, Social Science, English, Hindi Language: English Book Format: ..."
oswaal books,Oswaal CBSE Laboratory Manual Class 6 Mathematics ...,https://www.meesho.com/oswaal-cbse-laboratory-manual-class-6-mathematics-book-for-2023-exam/p/1faddw?srsltid=AfmBOoqLE47FWixECtOA-Azj0JIjhAwQ1xH6D_aRRf9shR3_k71MJvUV,Name: Oswaal CBSE Laboratory Manual Class 6 Mathematics Book (For 2023 Exam) Language: English Book Format: Paperback Genre: Reference Pages: 101-200 Pages ...
oswaal books,Oswaal CBSE Question Bank Class 9 Mathematics ...,https://www.meesho.com/oswaal-cbse-question-bank-class-9-mathematics-chapterwise-and-topicwise-solved-papers-for-2025-exams/p/79hi7c?srsltid=AfmBOopDUPz_HqYXcTpo-9C71CBBjQAML31x4Ku1Hp3Mw-KZa-9ykJYL,"Name: Oswaal CBSE Question Bank Class 9 Mathematics, Chapterwise and Topicwise Solved Papers For 2025 Exams Author: Oswaal Books Book Format: Paperback ..."
oswaal books,"Oswaal CBSE Accountancy, English Core, Business ...",https://www.meesho.com/oswaal-cbse-accountancy-english-core-business-studies-economics-class-12-sample-question-papers-set-of-4-books-for-2023-board-exam-based-on-cbse-sample-paper-released-on-16th-september/p/3lecha?srsltid=AfmBOoqK61GG040YP8YPcMy8w0z1mG9u_TyoyLIAnV9lPU9XApCYzsbs,"Name: Oswaal CBSE Accountancy, English Core, Business Studies & Economics Class 12 Sample Question Papers (Set of 4 Books) for 2023 Board Exam (based on ..."
oswaal books,Oswaal CBSE Question Bank Chapterwise For Term 2 ...,https://www.meesho.com/oswaal-cbse-question-bank-chapterwise-for-term-2-class-12-informatics-practices-for-2022-exam/p/1d8sqg?srsltid=AfmBOor6QXMoX3cWIQtG1mwxrCcknRXH6xn6wRkzVwyE8ER6Yd6CRi3E,Name: Oswaal CBSE Question Bank Chapterwise For Term 2 Class 12 Informatics Practices (For 2022 Exam) Board: CBSE Book Format: Paperback Genre: Reference ...
oswaal books,Oswaal Karnataka SSLC Question Bank Class 10 Social ...,https://www.meesho.com/oswaal-karnataka-sslc-question-bank-class-10-social-science-book-chapterwise-topicwise-for-2023-exam/p/332bdj?srsltid=AfmBOopnEWvYS-5BcaeqL5YmMFfS-SrT3OFAPyRwCN-PFr4UWT5_vi_z,Name: Oswaal Karnataka SSLC Question Bank Class 10 Social Science Book Chapterwise & Topicwise (For 2023 Exam) Author: Oswaal Editorial Board Book Format: ...
oswaal books,"Oswaal ISC English Paper-1, English ...",https://www.meesho.com/oswaal-isc-english-paper-1-english-paper-2-accountancy-economics-business-studies-class-11-sample-question-papers-set-of-5-books-for-2023-exam/p/306jw0?srsltid=AfmBOorjxCsYeTH5nsZt0rLJgdipNcEoM4g2DTNWDHAX2_pJcgYD0zwW,"Name: Oswaal ISC English Paper-1, English Paper-2, Accountancy, Economics & Business Studies Class 11 Sample Question Papers (Set of 5 Books) (For 2023 ..."
oswaal books,Oswaal ISC Question Bank Class 12 Chemistry Book ...,https://www.meesho.com/oswaal-isc-question-bank-class-12-chemistry-book-for-2023-exam/p/1u6s42?srsltid=AfmBOoq-T0BM_xA-Ad2cXHWhqyWFi4DVaqnwFPEC2u2JNVwnd12vC4sg,Name: Oswaal ISC Question Bank Class 12 Chemistry Book (For 2023 Exam) Board: CISCE Book Format: Paperback Genre: Reference Grade: 12 Language: English ...
oswaal books,Oswaal ISC Sample Question Paper Class 11 English ...,https://www.meesho.com/oswaal-isc-sample-question-paper-class-11-english-paper-2-literature-book-for-2022-exam/p/1d9sgz?srsltid=AfmBOooLKtRtZTS17Wtz-DSoZsEXnyNwNeN8q2a2jG6uCcc8DWc4GiiN,Name: Oswaal ISC Sample Question Paper Class 11 English Paper 2 Literature Book (For 2022 Exam) Language: English Book Format: Paperback Genre: Reference ...
oswaal books,Oswaal CBSE Sample Question Paper Class 10 Sanskrit ...,https://www.meesho.com/oswaal-cbse-sample-question-paper-class-10-sanskrit-book-reduced-syllabus-for-2021-exam-study-guides-workbooks/p/1qs62l?srsltid=AfmBOoqtEnBX3IdkyEGAFkhedkJVyaK1U_69fcLwc2wtutTSrWHNBaH9,Name: Oswaal CBSE Sample Question Paper Class 10 Sanskrit Book (Reduced Syllabus for 2021 Exam) Study Guides & Workbooks Book Format: Paperback Genre: ...
oswaal books,Oswaal Karnataka PUE Solved Papers II PUC (Set of 4 ...,https://www.meesho.com/oswaal-karnataka-pue-solved-papers-ii-puc-set-of-4-books-physics-chemistry-mathematics-biology-for-2022-exam/p/1vwqxq?srsltid=AfmBOopwbHWqqkvSW6KnHrKu8BORtXhy3Vw5jDxAx89hr-jUssRhhHBi,"Name: Oswaal Karnataka PUE Solved Papers II PUC (Set of 4 Books) Physics, Chemistry, Mathematics, Biology (For 2022 Exam) Language: English Book Format: ..."
oswaal books,Oswaal CBSE Sample Question Papers Class 12 Business ...,https://www.meesho.com/oswaal-cbse-sample-question-papers-class-12-business-studies-for-2023-board-exam/p/35siu8?srsltid=AfmBOopdZLfT-NSC9nD-IcxQRbqYWuIZZslgzurpfMOwdsMdi8IGO995,Name: Oswaal CBSE Sample Question Papers Class 12 Business Studies for 2023 Board Exam Author: Oswaal Books Book Format: Paperback Genre: School Books ISBN: ...
oswaal books,Oswaal Karnataka PUE Solved Papers II PUC (Set of 3 ...,https://www.meesho.com/oswaal-karnataka-pue-solved-papers-ii-puc-set-of-3-books-physics-chemistry-mathematics-for-2022-exam/p/1vwquc?srsltid=AfmBOorRQ2QdFcDEueiylmbjgtl655NNP9SEazIfc8CMv8QmWzSUysAO,"Name: Oswaal Karnataka PUE Solved Papers II PUC (Set of 3 Books) Physics, Chemistry, Mathematics (For 2022 Exam) Language: English Book Format: Paperback ..."
oswaal books,Oswaal NTA 36 Years NEET UG Solved Papers ...,https://www.meesho.com/oswaal-nta-36-years-neet-ug-solved-papers-chapterwise-topicwise-physics-chemistry-biology-1988-2023-set-of-3-books-for-2024-exam/p/76pfuh?srsltid=AfmBOor8aaC-zlOI5vRZHMobTBQ6XqF7GfFMY9EqkOvKVLEiyQtnPXgw,"Name: Oswaal NTA 36 Years NEET UG Solved Papers Chapterwise & Topicwise Physics, Chemistry & Biology 1988-2023 (Set Of 3 Books) (For 2024 Exam) Author: ..."
oswaal books,Oswaal CBSE Question Bank Chapterwise & Topicwise ...,https://www.meesho.com/oswaal-cbse-question-bank-chapterwise-topicwise-solved-papers-physics-class-12-2023/p/21tp1b?srsltid=AfmBOorradxQJSWyB180kvs6wy30PhqBAhARPTMOeWaEts6zO8C8XEEO,Name: Oswaal CBSE Question Bank Chapterwise & Topicwise Solved Papers Physics Class 12 (2023) Book Format: Paperback Genre: Textbooks & Study Guides ...
oswaal books,Oswaal ICSE Sample Question Papers Class 9 English ...,https://www.meesho.com/oswaal-icse-sample-question-papers-class-9-english-paper-2-literature-book-for-2022-exam/p/1d9sgo?srsltid=AfmBOoq9nrnZljxX46jXR3j-kzozV8_uFlQ7LT6JdrXCgLMd0k1YPvb1,Name: Oswaal ICSE Sample Question Papers Class 9 English Paper 2 Literature Book (For 2022 Exam) Language: English Book Format: Paperback Genre: Reference ...
oswaal books,"Oswaal CBSE Term 2 Hindi A, English, Science, Social ...",https://www.meesho.com/oswaal-cbse-term-2-hindi-a-english-science-social-science-math-basic-class-10-sample-question-paper-set-of-5-books-for-term-2-2022-exam-free-access-code-for-oswaal360/p/1d8sq3?srsltid=AfmBOoo54aWyQjBW3pebVRC2Ioq7OAZpaGE7QT3LQsC8SB64EHogzsm5,"Name: Oswaal CBSE Term 2 Hindi A, English, Science, Social Science & Math Basic Class 10 Sample Question Paper (Set of 5 Books) (For Term-2 2022 Exam) Free ..."
oswaal books,"Oswaal CBSE One for All, Mathematics, Class 12 ...",https://www.meesho.com/oswaal-cbse-one-for-all-mathematics-class-12-for-2023-exam/p/2av43p?srsltid=AfmBOorKRnJK6UYDZdYxALMUiMOR-HFsCs-Bkmvm2UWS2v3lrOYPGlx-,"Name: Oswaal CBSE One for All, Mathematics, Class 12 (For 2023 Exam) Language: English Book Format: Paperback Genre: Reference Pages: 301-400 Pages Publish ..."
oswaal books,"Oswaal One For All Workbook, Class-3, English (For Latest ...","https://www.meesho.com/Oswaal%20One%20For%20All%20Workbook,%20Class-3,%20English%20(For%20Latest%20Exam)/p/1XAIDE?srsltid=AfmBOopCTYKR5gEmlrhaqBUrXkCvk1axfOtnbNLUbNTPZgBt-RJ6g5oU","Name: Oswaal One For All Workbook, Class-3, English (For Latest Exam) Book Format: Paperback Genre: Reference Language: English Pages: 501-600 Pages Publish ..."
oswaal books,Oswaal 35 Years' NEET UG Solved Papers Physics ...,https://www.meesho.com/oswaal-35-years-neet-ug-solved-papers-physics-chemistry-biology-1988-2022-set-of-3-books-for-2023-exam-paperback-24-august-2022/p/76puvz?srsltid=AfmBOopOzVGTwCZasjfDkAYZrJHgQn7UgMnFTrtFfY3TbNYzMKZc0zCQ,"Name: Oswaal 35 Years' NEET UG Solved Papers Physics, Chemistry & Biology 1988-2022 (Set of 3 books) (For 2023 Exam) Paperback – 24 August 2022 Author: ..."
oswaal books,Oswaal Karnataka PUE Solved Papers II PUC (Set of 5 ...,https://www.meesho.com/oswaal-karnataka-pue-solved-papers-ii-puc-set-of-5-books-physics-chemistry-mathematics-biology-english-for-2022-exam/p/1vwr16?srsltid=AfmBOopmqiyUolKFh5s6gzupFDSq8ZzGHDOsaO3QxjchbEKuzgPX3ZAi,"Name: Oswaal Karnataka PUE Solved Papers II PUC (Set of 5 Books) Physics, Chemistry, Mathematics, Biology, English (For 2022 Exam) Language: English Book ..."
oswaal books,Gurukul By OswAal All in 1 Guide Book for CBSE Class 10 ...,https://www.meesho.com/gurukul-by-oswaal-all-in-1-guide-book-for-cbse-class-10-exam-2025/p/7dl8q5?srsltid=AfmBOoqAdR-jtmpUwxqj6UxkTGYkl0PhcnAIQozJWHdJcZLuFSq0N2l-,Name: Gurukul By OswAal All in 1 Guide Book for CBSE Class 10 Exam 2025 Author: gurukul by oswaal Book Format: Paperback Edition: 2025 Genre: Reference ...
oswaal books,Oswaal CBSE Sample Question Papers Class 10 English ...,https://www.meesho.com/oswaal-cbse-sample-question-papers-class-10-english-language-literature-book-for-2024-exam-new-edition-2-august-2023-isbn-13-978-9357283885-isbn-10-9357283889/p/67gc9e?srsltid=AfmBOool6EnABVGau2y0V4x5p92f4v6wRj-hbHfJYgFMqaKCcSekrJpt,2 Aug 2023 — Name: Oswaal CBSE Sample Question Papers Class 10 English Language & Literature Book (For 2024 Exam) New Edition - 2 August 2023 ISBN-13: ...
oswaal books,"Oswaal Karnataka PUE Sample Question Papers, I PUC ...",https://www.meesho.com/oswaal-karnataka-pue-sample-question-papers-i-puc-class-11-biology-book-for-2022-exam/p/1f8djm?srsltid=AfmBOop_iABcKoP7qbrZ68uwnXTWrGlHDAr3G4xm0B89-p9-glzp4AJL,"Name: Oswaal Karnataka PUE Sample Question Papers, I PUC Class 11, Biology, Book (For 2022 Exam) Book Format: Paperback Genre: Reference Language: English ..."
oswaal books,Oswaal CBSE MCQs Chapterwise Question Bank For Term ...,https://www.meesho.com/oswaal-cbse-mcqs-chapterwise-question-bank-for-term-i-ii-class-10-set-of-3-books-mathematics-standard-science-social-science-for-202122-exam/p/1vwmfm?srsltid=AfmBOoppdlrLi9J2nwtTRrSXsCoVWLOLvuHzwpl08MymaoguJYDrSs42,"Name: Oswaal CBSE MCQs Chapterwise Question Bank For Term I & II, Class 10 (Set of 3 Books) Mathematics (Standard), Science, Social Science (For 2021-22 ..."
oswaal books,Oswaal CBSE Sample Question Papers Class 9 English ...,https://www.meesho.com/oswaal-cbse-sample-question-papers-class-9-english-language-and-literature-book-for-2023-exam-paperback-oswaal-editorial-board/p/3leaff?srsltid=AfmBOoriDYuNiIoa25eXh1yjWE9u8YFwaWPYLXjrD4ye_eIqEuWzdIMX,"Name: Oswaal CBSE Sample Question Papers Class 9 English Language and Literature Book (For 2023 Exam) (Paperback, Oswaal Editorial Board) Author: OSWAAL ..."
oswaal books,Oswaal CBSE Question Bank Class 12 English Core Book ...,https://www.meesho.com/oswaal-cbse-question-bank-class-12-english-core-book-chapterwise-topicwise-includes-objective-types-mcqs-for-2021-exam/p/1vvr08?srsltid=AfmBOoqeltY3lvGHFlkLb2Ie1DE5kKdcrtmuNOxfwA-klfgCDZBuYB0i,Name: Oswaal CBSE Question Bank Class 12 English Core Book Chapterwise & Topicwise Includes Objective Types & MCQ's (For 2021 Exam) Language: English Book ...
oswaal books,Oswaal 35 Years' NEET UG Solved Papers Chapterwise & ...,https://www.meesho.com/oswaal-35-years-neet-ug-solved-papers-chapterwise-topicwise-physics-1988-2022-for-2023-exam/p/318bnq?srsltid=AfmBOoqjcSb9_HJJNJOegyTq8DFcQP4VL0GdK92jQUsoM00UJShmEj6g,Name: Oswaal 35 Years' NEET UG Solved Papers Chapterwise & Topicwise Physics 1988-2022 (For 2023 Exam) Author: Oswaal Editorial Board Book Format: Paperback ...
oswaal books,Oswaal CBSE Question Bank Class 10 Mathematics ...,https://www.meesho.com/oswaal-cbse-question-bank-class-10-mathematics-standard/p/7k8j1i?srsltid=AfmBOopL8VLOEHTV5zCQEVtsxrnethrHVFE8cGpZ7qdLWK4JfPxcbs_g,Name: Oswaal CBSE Question Bank Class 10 Mathematics (Standard) Author: Oswaal Editorial Board Board: CBSE Book Format: Paperback Edition: latest Genre: ...
oswaal books,Oswaal ICSE MCQs Chapterwise Question Bank Class 10 ...,https://www.meesho.com/oswaal-icse-mcqs-chapterwise-question-bank-class-10-set-of-8-books-english-paper-1-language-english-paper-2-literature-mathematics-physics-chemistry-biology-geography-history-civics-for-semester-1-2021-22-exam-with-the-largest-mcq-quest/p/1vw55s?srsltid=AfmBOooTnPPZ11h89PfKb0f-TN8r9B7RmWJIGvLT3GkKAEOc8Sr7183z,"Name: Oswaal ICSE MCQs Chapterwise Question Bank Class 10 (Set of 8 Books) English Paper- 1 (Language) & English Paper-2 (Literature), Mathematics, Physics, ..."
oswaal books,Oswaal ICSE Question Bank Class 9 Commercial Studies ...,https://www.meesho.com/oswaal-icse-question-bank-class-9-commercial-studies-book-for-2023-exam/p/1woiax?srsltid=AfmBOor5chKJmZYbRF9r2Kb-P8t2XN1sRbIiP2djwxmoJ6ymSyrbQEHh,Name: Oswaal ICSE Question Bank Class 9 Commercial Studies Book (For 2023 Exam) Board: CISCE Book Format: Paperback Genre: Exam Preparation Grade: 9 ...
oswaal books,Oswaal CBSE Question Bank Class 9 Social Science ...,https://www.meesho.com/oswaal-cbse-question-bank-class-9-social-science-reduced-syllabus-for-2021-exam/p/2e17mw?srsltid=AfmBOooB-nCX8S5Oe7CYhF3Hzr_gS5FapCtRKDrj-zCfk9MTDu2NHR8l,Name: Oswaal CBSE Question Bank Class 9 Social Science (Reduced Syllabus) (For 2021 Exam) Author: OSWAAL EDITORIAL BOARD Book Format: Paperback Genre: ...
oswaal books,Oswaal Karnataka Question Bank Class 9 Science Book ...,https://www.meesho.com/oswaal-karnataka-question-bank-class-9-science-book-chapterwise-topicwise-for-2023-exam/p/2dosr2?srsltid=AfmBOopO5uQP63t_AZxWnVM9w1UzflDV7VxE0EevPHtHshyPV5eEL3UP,Name: Oswaal Karnataka Question Bank Class 9 Science Book Chapterwise & Topicwise (For 2023 Exam) Author: Oswaal Editorial Board Book Format: Paperback ...
oswaal books,Oswaal ICSE Question Bank Class 9 (Set of 3 Books) ...,"https://www.meesho.com/Oswaal%20ICSE%20Question%20Bank%20Class%209%20(Set%20of%203%20Books)%20Physics,%20Chemistry,%20Biology%20(For%202022%20Exam)/p/1VWQXY?srsltid=AfmBOop8QaTwD2ot9WkPk2RG_uP76i4uqiMC3xtqi5Ei2hxd4A0TYahc","Name: Oswaal ICSE Question Bank Class 9 (Set of 3 Books) Physics, Chemistry, Biology (For 2022 Exam) Language: English Book Format: Paperback Genre: ..."
oswaal books,Oswaal CBSE Question Bank Class 12 Biology Book ...,https://www.meesho.com/oswaal-cbse-question-bank-class-12-biology-book-chapterwise-topicwise-for-2021-exam/p/1qs26l?srsltid=AfmBOopo9NFK1DnOHkpNu9_XsPG3gGv-I8ccjAeTc6CJoBLOeuGUI1uU,Name: Oswaal CBSE Question Bank Class 12 Biology Book Chapterwise & Topicwise (For 2021 Exam) Book Format: Paperback Genre: Textbooks & Study Guides ...
oswaal books,Oswaal Karnataka PUE Solved Papers II PUC Biology ...,https://www.meesho.com/Oswaal%20Karnataka%20PUE%20Solved%20Papers%20II%20PUC%20Biology%20Book%20Chapterwise%20&%20Topicwise%20(For%202023%20Exam)/p/2WFWIN?srsltid=AfmBOorQnDYZOj0d0Vq265KO23_js1tijZQ0ybJE-uIi6RZNaxZlxJ1C,Name: Oswaal Karnataka PUE Solved Papers II PUC Biology Book Chapterwise & Topicwise (For 2023 Exam) Author: Oswaal Editorial Board Book Format: Paperback ...
