Title,Product URL
"SECONDARY SCHOOL MATHEMATICS FOR CLASS - 9, BY R. S. AGGARWAL & V. AGGARWAL",https://www.amazon.in/SECONDARY-SCHOOL-MATHEMATICS-CLASS-AGGARWAL/dp/B0D1P5NMFF
R.S. Agarwal Mathematics Class 9 Book(Used Book In Goood Condition),https://www.amazon.in/Mathematics-Reference-Textbook-CBSE-class/dp/B07H18WS31
Secondary School Mathematics for Class 9 - CBSE - by R.S. Aggarwal Examination 2022-2023 & Mathematics for Class 7 - CBSE - by R.S. Aggarwal Examination 2022-2023,https://www.amazon.in/Secondary-School-Mathematics-Class-Examination/dp/B0BLVP5D47
COMBO PACK OF Senior Secondary School Mathematics for Class 11 by R S Aggarwal WITH ARIHANT GENERAL KNOWLEDGE 2019,https://www.amazon.in/Secondary-Mathematics-Aggarwal-ARIHANT-KNOWLEDGE/dp/B07PN569PN
Secondary School Mathematics for Class 9 R S Agarwal,https://www.amazon.in/Secondary-School-Mathematics-Class-Agarwal/dp/B07BHP4DS9
R S AGGARWAL's Secondary School Mathematics For Class 9,https://www.amazon.in/AGGARWALs-Secondary-School-Mathematics-Class/dp/B09929CM5F
Secondary School Mathematics: Class IX,https://www.amazon.in/Secondary-School-Mathematics-Class-IX/dp/B07DHJXD6F
Hindi Reader 5,https://www.amazon.in/Hindi-Reader-5-Rati-Rani/dp/8177090275
Hindi Reader 5 by Bharati Bhawan (25609),https://www.amazon.in/Hindi-Reader-Bharati-Bhawan-25609/dp/B0CLVS2KMR
Junior Maths For Class 1 (2019 Edition),https://www.amazon.in/Junior-Maths-Class-1-2019/dp/B07RXQ2L4T
Junior Maths 1,https://www.amazon.in/Junior-Maths-Anindita-Banerjee-Author/dp/B0DG2YC6ZQ
Junior Maths Class 3 - by Asit Das Gupta (2024-25 Examination),https://www.amazon.in/Junior-Maths-3-D-Gupta/dp/8177099477
Bharati Bhawan Junior Maths For Class 2 (Edition 2019),https://www.amazon.in/Bharati-Bhawan-Junior-Maths-Class/dp/B07RXQFCNL
Junior Maths Class 2,https://www.amazon.in/Junior-Maths-Class-Bharati-Bhawan/dp/B0D7SSLRBX
Junior Maths Class 2 By A Das Gupta (S),https://www.amazon.in/Junior-Maths-Class-Das-Gupta/dp/B0BYVWHH2B
Bharathi Bhawan Junior Maths Class 3,https://www.amazon.in/Bharathi-Bhawan-Junior-Maths-Class/dp/B0DQ1PK18R
Junior Maths Class -3,https://www.amazon.in/Junior-Maths-Class-Das-Gupta/dp/B09162WR4T
Junior Maths Book 3 (S),https://www.amazon.in/Junior-Maths-Book-3-S/dp/B0BYVJJXVQ
Junior Maths Book 4 (2019 Edition),https://www.amazon.in/Junior-Maths-Book-4-2019/dp/B07RYR3G7Z
Junior Science Book 4 / E1,https://www.amazon.in/Junior-Science-Book-C-Banerjee/dp/8177098330
Maths Step Class 1,https://www.amazon.in/Maths-Step-Class-Bharati-Bhawan/dp/B0D2LH1SKH
MATH STEPS FOR ONE BY ASIT DAS GUPTA & SURYABHUSHAN PRASAD,https://www.amazon.in/MATH-STEPS-GUPTA-SURYABHUSHAN-PRASAD/dp/B0CRRBV184
"Math Steps Class 1 - by Surya Bhushan Gupta, Asit Das Prasad (2024-25 Examination)",https://www.amazon.in/Math-Steps-Asit-Das-Gupta/dp/8177092065
"Math Steps Class 3 - by Surya Bhushan Gupta, Asit Das Prasad (2024-25 Examination)",https://www.amazon.in/Math-Steps-Asit-Das-Gupta/dp/8177095285
Math Steps 2 Book,https://www.amazon.in/Math-Steps-Surya-Bhushan-Gupta/dp/B0C38Z1YRX
"MATH STEPS FOR CLASS - 2,BY ASIT DAS GUPTA & SURYABHUSHAN PRASAD",https://www.amazon.in/MATH-STEPS-CLASS-SURYABHUSHAN-PRASAD/dp/B0D9P3TTJN
Math Steps 5&Math Steps 4 (Set Of 2 Books),https://www.amazon.in/Math-Steps-Set-Books/dp/B08KFW7FJC
MATH STEPS FOR CLASS - 3 BY ASIT DAS GUPTA & SURYABHUSHAN PRASAD,https://www.amazon.in/MATH-STEPS-CLASS-SURYABHUSHAN-PRASAD/dp/B0D96CQS1C
Math Steps 3 Book,https://www.amazon.in/Math-Steps-Surya-Bhushan-Gupta/dp/B0C38VPVBZ
MATH STEPS Class - 3,https://www.amazon.in/MATH-STEPS-Class-ASIT-GUPTA/dp/B095KXLMBT
Bharati Bhawan Math Steps Class 4 Asit Das Gupta,https://www.amazon.in/Bharati-Bhawan-Steps-Class-Gupta/dp/B0DPWXFTWK
"FOUR CLASS MEETS THE REQUIREMENTS MATH STEPS - 2024,",https://www.amazon.in/FOUR-CLASS-MEETS-REQUIREMENTS-STEPS/dp/B0CYQ89M3Y
MATH STEPS - 2024. CLASS - 5 [BHARATI BHAWAN],https://www.amazon.in/MATH-STEPS-2024-BHARATI-BHAWAN/dp/B0CSPD7NJ5
MATH STEPS-5 BY ASIT DAS GUPTA & SURYABHUSHAN PRASAD,https://www.amazon.in/MATH-STEPS-5-GUPTA-SURYABHUSHAN-PRASAD/dp/B0CRVJXYLW
Math Steps 5,https://www.amazon.in/Math-Steps-5/dp/B00OOSHC5U
Mathematics for Class 6 - CBSE - by R.S. Aggarwal Examination,https://www.amazon.in/Mathematics-class-Aggarwal-2018-19-Session/dp/8177099825
Mathematics for Class 6 By R S Aggarwal - Revised Print 2024 | Meets the Requirements of NEP/NCF | 2024-25 Exams (Original Copy with Hologam Sticker),https://www.amazon.in/Mathematics-Class-Aggarwal-Requirements-Original/dp/B0D496SC9S
Mathematics for Class 6| By R S Aggarwal | 2024-25 Exams |Paperback – 15 May 2024|,https://www.amazon.in/Mathematics-Class-Aggarwal-2024-25-Paperback/dp/B0D8122Y65
Mathematics For Class 6-Cbse-By R.S. Aggarwal Examination 2022-2023 Paperback 1 January 2020,https://www.amazon.in/Mathematics-Class-Examination-2022-2023-Paperback/dp/B0BBB5LWLV
Bharati Bhawan Mathematics For Class 6 NEP/NCF Compliant,https://www.amazon.in/Bharati-Bhawan-Mathematics-Class-Compliant/dp/B0D49PNCRJ
Mathematics for Olympiads and Talent Search Competitions for Class 6,https://www.amazon.in/Mathematics-Olympiads-Talent-Search-Competitions/dp/9388704320
R S Aggarwal Mathematics & NCERT Ganita Prakash Math Class 6 Combo Set of 2 Books,https://www.amazon.in/Aggarwal-Mathematics-NCERT-Ganita-Prakash/dp/B0DM1ZHT4F
LAKHMIR SINGH SCIENCE +RS AGGARWAL MATHEMATICS CLASS 6(SET OF TWO BOOKS)-2019-20,https://www.amazon.in/COMBO-LAKHMIR-SCIENCE-AGGARWAL-MATHEMATICS/dp/B07QCC2V33
Mathematics Class 6 By RS Aggarwal Edition 2024 (Jisne Hamari Book Ki Mapping Ki Uska Muh Kala)☠☠☠ (S),https://www.amazon.in/Mathematics-Class-Aggarwal-Hamari-Mapping/dp/B0D45MLJCG
Mathematics for Class 6 - by R.S. Aggarwal,https://www.amazon.in/Mathematics-Class-6-R-S-Aggarwal/dp/B0C1VC7VW9
Mathematics For Class 6 (Examination - 2024),https://www.amazon.in/Mathematics-Class-6-Examination-2024/dp/B0CZLP77WX
Universal Science Class 6 By Anita Sood & Mathematics (FREE With This Book) (Second Hand & Used Book) (S),https://www.amazon.in/Universal-Science-Class-Mathematics-Second/dp/B0DJQZ7H4B
Mathematics class 6 R D Sharma 2008 edition,https://www.amazon.in/Mathematics-class-Sharma-2008-R/dp/B07FZ3YTV1
R S Aggarwal Mathematics: For 2025 Examination Class 7,https://www.amazon.in/Aggarwal-Mathematics-2025-Examination-Class/dp/B0D2YF1Q45
R S Aggarwal Mathematics: For 2025 Examination Class 7 Perfect Paperback – 31 March 2024,https://www.amazon.in/Aggarwal-Mathematics-Examination-Perfect-Paperback/dp/B0D7ZZTW4F
Mathematics for Class 7,https://www.amazon.in/Mathematics-Class-7-R-Aggarwal-ebook/dp/B08D3ZGDZ7
Mathematics Class 7 By RS Aggarwal (S)LLL,https://www.amazon.in/Mathematics-Class-RS-Aggarwal-LLL/dp/B0CZXLT6CZ
Mathematics Class 7 By RS Aggarwal Edition 2024 (Jisne Hamari Book Ki Mapping Ki Uska Muh Kala)☠☠☠ (S),https://www.amazon.in/Mathematics-Class-Aggarwal-Hamari-Mapping/dp/B0D45G69WX
R S Aggarwal Maths for Class 7th,https://www.amazon.in/Aggarwal-Maths-Class-7th/dp/B09RH75HL9
Mathematics Class 7 RS Aggarwal,https://www.amazon.in/Mathematics-Class-7-RS-Aggarwal/dp/B09PRM4T2C
CBSE class 7 Mathematics by R S Aggarwal (2018-19 Exam) bharti bhawan books,https://www.amazon.in/Mathematics-Aggarwal-2018-19-bharti-bhawan/dp/B07BN7Q7LH
Mathematics for Class 7 by Bharati Bhawan (10038),https://www.amazon.in/Mathematics-Class-Bharati-Bhawan-10038/dp/B0DGDLL6HK
Mathematics For Class 7 With Answer Key,https://www.amazon.in/Mathematics-Class-7-Answer-Key/dp/B0CG1TG91R
Mathematics Class 7&8 By RS Aggarwal (S),https://www.amazon.in/Mathematics-Class-RS-Aggarwal-Hafsa/dp/B0DNYZMK64
R.S. Aggarwal Mathematics CBSE | for Class 8 By R S Aggarwal | Revised Edition 2024 | NEW EDITION 2024-25 Exams Paperback – 1 January 2024,https://www.amazon.in/Aggarwal-Mathematics-Revised-2024-25-Paperback/dp/B0D8149F7N
Mathematics for Class 8 - CBSE,https://www.amazon.in/Mathematics-Class-8-CBSE-Generic/dp/B0B8RPH72C
Mathematics Class 8 by RS Aggarwal (Second Hand & Used Book) (MMM),https://www.amazon.in/Mathematics-Class-Aggarwal-Second-Hand/dp/B0CLXXQHGS
R S Aggarwal Mathematics: For 2025 Examination Class 8 Perfect Paperback – 31 March 2024,https://www.amazon.in/Aggarwal-Mathematics-Examination-Perfect-Paperback/dp/B0D9SCBJ2T
"Essential Icse Mathematics For Class 8 - by Asit Das Kumar, Alok Gupta (2024-25 Examination)",https://www.amazon.in/Essential-Mathematics-Class-2018-19-Session/dp/935027177X
Mathematics Class 8 By RS Aggarwal (Second Hand & Used Book) (Jisne Hamari Book Ki Mapping Ki Uska Muh Kala)☠☠☠ (S),https://www.amazon.in/Mathematics-Aggarwal-Second-Hamari-Mapping/dp/B0D44TR1FW
Bharti Bhawan Mathematics For Class 8,https://www.amazon.in/Bharti-Bhawan-Mathematics-Class-8/dp/B0DG8VPG5D
Mathematics Class 8 By RS Aggarwal Edition 2024 (Jisne Hamari Book Ki Mapping Ki Uska Muh Kala)☠☠☠ (S),https://www.amazon.in/Mathematics-Class-Aggarwal-Hamari-Mapping/dp/B0D45K8DK4
Bharati Bhawan Mathematics for Class 8,https://www.amazon.in/Bharati-Bhawan-Mathematics-Class-8/dp/B0D96JC1RD
Mathematics For Class 8 (Examination 2021-2022),https://www.amazon.in/Mathematics-Class-8-Examination-2021-2022/dp/B09SX3RY6H
R S Aggarwal Mathematics Class 8,https://www.amazon.in/Aggarwal-Mathematics-Class-R-S/dp/B0DQJ9QP5D
Mathematics Class 8 By RS Aggarwal (S),https://www.amazon.in/Mathematics-Class-RS-Aggarwal-Bharati/dp/B0CHPD94YV
Mathematic For Class 8 By R S Aggarwal (Second Hand & Used book) (K),https://www.amazon.in/Mathematic-Class-Aggarwal-Second-Hand/dp/B0CXQ1HQ6X
Bharti Bhawan Mathematics & NCERT Mathematics Textbook Class 8 Combo Set of 2 Books,https://www.amazon.in/Bharti-Bhawan-Mathematics-NCERT-Textbook/dp/B0DM2B66NJ
Class 8 RD Sharma Mathematics,https://www.amazon.in/Class-8-RD-Sharma-Mathematics/dp/B07BPXPYHC
Concept of Physics by H.C Verma Part - I - Session 2022-23+Mathematics for Class 8 - CBSE - by R.S. Aggarwal Examination 2022-2023,https://www.amazon.in/Concept-Physics-H-C-Verma-Part/dp/B0BBTWH9X8
Mathematics for Olympiads and Talent Search Competitions for Class 6,https://www.amazon.in/Mathematics-Olympiads-Talent-Search-Competitions-ebook/dp/B0814ZRJYN
Mathematics for Olympiads and Talent Search Competitions for Class 7,https://www.amazon.in/Mathematics-Olympiads-Talent-Search-Competitions-ebook/dp/B0836XW3T7
Mathematics for Olympiads and Talent Search Competitions for Class 8,https://www.amazon.in/Mathematics-Olympiads-Talent-Search-Competitions-ebook/dp/B081VFN5S2
My Grammar Time 1 by Bharati Bhawan (12006),https://www.amazon.in/Grammar-Time-Bharati-Bhawan-12006/dp/B0D7DJJ267
My Grammar Time - Class 1 (2018-19 Session),https://www.amazon.in/My-Grammar-Time-2018-19-Session/dp/9350271796
My Grammar Time 1 || Bharati Bhawan || Sonia Sabharwal. || English || Y-2020 || P-100 || Paperback (103181),https://www.amazon.in/Grammar-Bharati-Sabharwal-English-Paperback/dp/B0DHQZ5TB3
My Grammar Time 1 by Bharati Bhawan (30231),https://www.amazon.in/Grammar-Time-Bharati-Bhawan-30231/dp/B0D9C4GCSK
Bharati Bhawan My Grammar Time Book 1,https://www.amazon.in/Bharati-Bhawan-Grammar-Time-Book/dp/B0DG5RP2W3
My Grammar Time 5,https://www.amazon.in/My-Grammar-Time-2018-19-Session/dp/9350271923
My Grammar Time 2,https://www.amazon.in/My-Grammar-Time-2018-19-Session/dp/9350271869
My Grammar Time - Class 4 (2018-19 Session),https://www.amazon.in/My-Grammar-Time-2018-19-Session/dp/9350271915
My Grammar Time - Class 3,https://www.amazon.in/My-Grammar-Time-2018-19-Session/dp/9350271877
My Grammar Time 2 by Bharati Bhawan (30265),https://www.amazon.in/Grammar-Time-Bharati-Bhawan-30265/dp/B0D9C2WVDH
My Grammar Time 3 by Bharati Bhawan 11313,https://www.amazon.in/Grammar-Time-Bharati-Bhawan-11313/dp/B0CX9DSCHS
My Grammar Time 4 by Bharati Bhawan 11314,https://www.amazon.in/Grammar-Time-Bharati-Bhawan-11314/dp/B0CX9F8PM8
MY Grammar Time Class 4 (Second Hand & Used Book) (S),https://www.amazon.in/Grammar-Time-Class-Second-Hand/dp/B0CZDPYF2V
Bharati Bhawan My Grammar Time Book 4,https://www.amazon.in/Bharati-Bhawan-Grammar-Time-Book/dp/B0DGGP5FTN
MY Grammar Time Class 4 (Second Hand & Used Book) (S),https://www.amazon.in/Grammar-Time-Class-Second-Hand/dp/B0C1GTNDG6
My Grammar Time 5 by Bharati Bhawan 11317,https://www.amazon.in/Grammar-Time-Bharati-Bhawan-11317/dp/B0CX9D64YN
My Grammar Time Class 5 Condition Note:- (Used Like New),https://www.amazon.in/Grammar-Time-Class-Condition-Note/dp/B09FHR4KJN
My Grammar Time 5 by Bharati Bhawan (30285),https://www.amazon.in/Grammar-Time-Bharati-Bhawan-30285/dp/B0D9C3RSTL
Our World Then And Now 1 Class 6 By Bharati Bhawan (second Hand & Used Book) (S),https://www.amazon.in/World-Class-Bharati-Bhawan-second/dp/B0BVKM9FW9
Our World: Then And Now 1,https://www.amazon.in/Our-World-Then-Now-1/dp/9350271109
Our World Then And Now 1 Class 6 By Bharati Bhawan (Second Hand & Used Book) (S),https://www.amazon.in/World-Class-Bharati-Bhawan-Second/dp/B0CYLNBDTS
Our World Then And Now - 1,https://www.amazon.in/Our-World-Then-Now-1/dp/8177098004
Our World Then and Now For Class 8,https://www.amazon.in/Our-World-Then-Now-Class/dp/B084V4FGV8
Our World-Then and Now 2,https://www.amazon.in/Our-World-Then-Now-2-Mukherji-ebook/dp/B08D6Y6PWV
Our World Then and Now Book 2 Social Studies – For Class 7,https://www.amazon.in/World-Then-Book-Social-Studies/dp/B0D5VHDS6T
Our World Then And Now - 2,https://www.amazon.in/Our-World-Then-Now-2/dp/8177098632
Our World Then and Now Book 2 Class 7 (Second Hand & Used Book) (S),https://www.amazon.in/World-Then-Book-Class-Second/dp/B0CL3BF26C
Our World Then and Now Book 2 For Class 7,https://www.amazon.in/Our-World-Then-Book-Class/dp/B0BWCP14GP
Our World Then and Now + R.S Aggarwal mathematics for class 7 (set of 2 boooks),https://www.amazon.in/World-Aggarwal-mathematics-class-boooks/dp/B0BT7Y3C2W
Our World Then And Now Book 2 Class 7 (Second Hand & Used Book) (S),https://www.amazon.in/World-Then-Book-Class-Second/dp/B0CY7WGW17
Bharati bhawan Our World Then and Now + R.S Aggarwal mathematics for class 8 (set of 2 boooks),https://www.amazon.in/Bharati-bhawan-Aggarwal-mathematics-boooks/dp/B0BT7Z2PM6
Our World Then And Now Class 3 Second Hand & Used Book,https://www.amazon.in/World-Then-Class-Second-Hand/dp/B09X4B4CK3
Our Worlds Then and Now Book 3 Class 8 (Second Hand & Used Book) (M),https://www.amazon.in/Worlds-Then-Book-Class-Second/dp/B0CXXVBYLZ
Our World Then And Now 2th,https://www.amazon.in/Our-World-Then-Now-2/dp/9350271117
Our Worlds Then and Now Book -3 Class -8 Condition Note:- (Used Very Good) {My Friend Diary with this Book FREE},https://www.amazon.in/Worlds-Then-Book-Class-Condition/dp/B098XNQGMJ
"Sanskrit Bharati 1 - by Gopebandhu Jha, Dev Kant Mishra (2024-25)",https://www.amazon.in/Sanskrit-Bharati-Deb-Kant-Jha/dp/9350270412
Sanskrit Abhyasini 1 / E1,https://www.amazon.in/Sanskrit-Abhyasini-Praveshika-Gopebandhu-Mishra/dp/8177095579
Sugam Sanskrit Vyakaran 1 - by Chandra Kant Jha (2024-25),https://www.amazon.in/Sugam-Sanskrit-Vyakaran-Chandra-Kant/dp/8177090410
Sanskrit Bharati Praveshika - by Gopebandhu Mishra (2024-25),https://www.amazon.in/Sanskrit-Bharati-Praveshika-Gopebandhu-Mishra/dp/9350270404
Sanskrit Bharti 4th (Sanskrit Bharati),https://www.amazon.in/Sanskrit-Bharati-Deb-Kant-Jha/dp/8177095528
Sanskrit Bharati 3,https://www.amazon.in/Sanskrit-Bharati-Deb-Kant-Jha/dp/9350270633
"Sanskrit Bharati 2 - by Gopebandhu Jha, Dev Kant Mishra (2024-25)",https://www.amazon.in/Sanskrit-Bharati-Deb-Kant-Jha/dp/9350270420
Sanskrit Abhyasini 2,https://www.amazon.in/Sanskrit-Abhyasini-Deb-Kant-Jha/dp/8177095587
Sugam Sanskrit Vyakaran 2 / E15,https://www.amazon.in/Sugam-Sanskrit-Vyakaran-Chandra-Kant/dp/8177090429
Sanskrit Abhyasini 3,https://www.amazon.in/Sanskrit-Abhyasini-Deb-Kant-Jha/dp/8177095595
Sanskrit Abhyasini 4,https://www.amazon.in/Sanskrit-Abhyasini-Deb-Kant-Jha/dp/8177095676
Secondary School Mathematics for Class 9 - CBSE - by R.S. Aggarwal (2024-25 Examination),https://www.amazon.in/Secondary-School-Mathematics-Class-Examination/dp/9350271850
Math Secondary School Mathematics for Class 9 - CBSE - by R.S. Aggarwal (2024-2025 Examination),https://www.amazon.in/Math-Secondary-School-Mathematics-Class/dp/B0D3YG89RC
R S Aggarwal Secondary School Mathematics Class 9,https://www.amazon.in/Aggarwal-Secondary-School-Mathematics-Class/dp/B0DMW6BJGS
Secondary School Mathematics for Class 9 (2019-20 Session),https://www.amazon.in/Secondary-School-Mathematics-2019-20-Session/dp/B07MYK7MK4
R S Aggarwal : Secondary School Mathematics for Class 9 | CBSE BOARD | 20232024 Examination |,https://www.amazon.in/Aggarwal-Secondary-Mathematics-20232024-Examination/dp/B0BY4V74CT
Secondary School Mathematics Class 9 By RS Aggarwal & General Knowledge (Free With This Book) (Second Hand & Used Book) (S),https://www.amazon.in/Secondary-Mathematics-Aggarwal-General-Knowledge/dp/B0DJ3CXNNL
Secondary School Mathematics Class 9 By RS Aggarwal & Science (FREE With This Book) (Second Hand & Used Book) (S),https://www.amazon.in/Secondary-School-Mathematics-Aggarwal-Science/dp/B0DJ8QRKH6
Secondary School Mathematics Class 9 By RS Aggarwal (Second Hand & Used Book) (S),https://www.amazon.in/Secondary-School-Mathematics-Aggarwal-Second/dp/B0CJ38VGLG
Secondary school mathematics class 9,https://www.amazon.in/Secondary-school-mathematics-class-9/dp/B095PHGFR8
Secondary School Mathematics for Class 10 - CBSE - by R.S. Aggarwal Examination,https://www.amazon.in/Secondary-School-Mathematics-Examination-2020-2021/dp/9388704517
Secondary School Mathematics for Class 9 - CBSE - by R.S. Aggarwal Examination 2022-2023+Concept of Physics by H.C Verma Part - I - Session 2022-23,https://www.amazon.in/Secondary-School-Mathematics-Class-Examination/dp/B0BBV1FJ1F
Secondary School Mathematics: for Class 9 (Old Edition),https://www.amazon.in/Secondary-School-Mathematics-Class-Old/dp/8177099965
Secondary School Mathematics For Class 9 With Answer Key,https://www.amazon.in/Secondary-School-Mathematics-Class-Answer/dp/B0CG1YPTVV
Rs aggarwal class 9 math Secondary School Mathematics - (CBSE Examination 2024-25),https://www.amazon.in/aggarwal-class-Secondary-School-Mathematics/dp/B0D1W16J44
Bharati Bhawan Secondary School Mathematics For Class 10 By R.S Aggarwal,https://www.amazon.in/Bharati-Bhawan-Secondary-Mathematics-Aggarwal/dp/B082HZB6VY
Secondary School Mathematics for Class 10 (Old Edition),https://www.amazon.in/Secondary-School-Mathematics-Class-Examination/dp/9350271818
‎ Bharati Bhawan Secondary School Mathematics CBSE for Class 9th - (2024-25) Examination..By R.S Aggarwal.,https://www.amazon.in/Bharati-Bhawan-Secondary-School-Mathematics/dp/B0CY7YW1LZ
Senior Secondary School Mathematics for class 12 by R S Aggrawal [Paperback],https://www.amazon.in/Senior-Secondary-School-Mathematics-Aggrawal/dp/B07F153RS5
COMBO PACK OF Secondary School Mathematics for Class 9 WITH FREE ARIHANT GENERAL KNOWLEDGE 2020,https://www.amazon.in/Secondary-Mathematics-ARIHANT-GENERAL-KNOWLEDGE/dp/B07PN48GNZ
RS Aggarwal Math Class -10 Secondary School Mathematics - (CBSE Examination 2024-25) Perfect Paperback – 1 January 2024,https://www.amazon.in/Aggarwal-Class-Secondary-School-Mathematics/dp/B0D9SHKJ6Z
Secondary School Mathematics for Class 10 - CBSE - by R.S. Aggarwal (2024-2025 Examination),https://www.amazon.in/Secondary-School-Mathematics-Class-Examination/dp/B0D3YG6H4K
Secondary School Mathematics For Class 10 By RS Aggarwal,https://www.amazon.in/Secondary-School-Mathematics-Class-Aggarwal/dp/B09FJJLDGM
Bharati Bhawan Secondary School Mathematics CBSE for Class 10th - (2024-25) Examination..By R.S Aggarwal.,https://www.amazon.in/Bharati-Bhawan-Secondary-School-Mathematics/dp/B0CY89PMWJ
R S Aggarwal Secondary School Mathematics Class 10 ( Bharati Bhawan ),https://www.amazon.in/Aggarwal-Secondary-School-Mathematics-Bharati/dp/B0D8BVNQVN
Secondary School Mathematics for Class 10 By R.S Aggarwal (USED) SHRI ENTERPRISES,https://www.amazon.in/Secondary-School-Mathematics-Aggarwal-ENTERPRISES/dp/B0DMTGB5CL
"Secondary School Mathematics For Class 10, By RS Aggarwal SHRI ENTERPRISES (USED)",https://www.amazon.in/Secondary-School-Mathematics-Aggarwal-ENTERPRISES/dp/B0DNKLGFVD
Secondary School Mathematics Class 10 By RS Aggarwal & Aakash (Free With This Book) (Second Hand & Used Book) (S),https://www.amazon.in/Secondary-School-Mathematics-Aggarwal-Aakash/dp/B0DJ38P99C
"Secondary School Mathematics Textbook for Class 10 by R.S Aggarwal, V Aggarwal",https://www.amazon.in/Secondary-School-Mathematics-Textbook-Aggarwal/dp/B0DKD97FDC
Secondary School Mathematics Class 10 By RS Aggarwal (Second Hand & Used Book) (S),https://www.amazon.in/Secondary-School-Mathematics-Aggarwal-Second/dp/B0D9QTNTVZ
SECONDARY SCHOOL MATHEMATICS FOR CLASS-10 BY R. S. AGGARWAL & V. AGGARWAL,https://www.amazon.in/SECONDARY-SCHOOL-MATHEMATICS-CLASS-10-AGGARWAL/dp/B0D3DG6KDN
Secondary school Mathematics for Class 10-RS Aggarwal & V Aggarwal [Paperback],https://www.amazon.in/Secondary-school-Mathematics-Class-Aggarwal/dp/B07DCDYBKL
"Secondary School Mathematics for Class 10 by RS Aggarwal, V Aggarwal",https://www.amazon.in/Secondary-School-Mathematics-Class-Aggarwal/dp/B07DZVTC4J
Mathematics Class 10 By RS Aggarwal Second Hand & Used Book (S),https://www.amazon.in/Mathematics-Class-Aggarwal-Second-Hand/dp/B0B2MZ2XNG
Secondary School Mathematics For Class 10 RS Aggarwal With Shri Hanuman Chalisa + Shri Mad Bhagwad Gita Free,https://www.amazon.in/Secondary-Mathematics-Aggarwal-Hanuman-Chalisa/dp/B0BVVYSBGL
Secondary School Mathematics for Class 10 - CBSE - by R.S. Aggarwal -2024-25 Examination,https://www.amazon.in/Secondary-School-Mathematics-Class-Examination/dp/B0CZY3VQDB
Secondary School Mathematics Class 10 By RS Aggarwal Second Hand & Used Book (S),https://www.amazon.in/Secondary-School-Mathematics-Aggarwal-Second/dp/B0B7G78Q3X
Secondary School Mathematics for class 10,https://www.amazon.in/Secondary-School-Mathematics-class-10/dp/B07J48QWY1
Secondary School Mathematics Class 10 By RS Aggarwal Condition Note:- (used Very Good),https://www.amazon.in/Secondary-School-Mathematics-Aggarwal-Condition/dp/B09JMS9L4L
Secondary school Mathematic class 10th (condition used good),https://www.amazon.in/Secondary-school-Mathematic-class-condition/dp/B09LYP2GLR
"Combo Pack: Lakhmir Singh Class 10 Science (Biology, Physics, Chemistry) With Free Virtual Reality Gear + Secondary School Mathematics for Class 10 (Examination 2020-2021) (Set of 2 books)",https://www.amazon.in/Combo-Pack-Chemistry-Mathematics-Examination/dp/B09MMJ9BXZ
Senior Secondary School Mathematics For Class 11 By Rs Aggarwal (M),https://www.amazon.in/Senior-Secondary-School-Mathematics-Aggarwal/dp/B0BM9YZNBT
RS Aggarwal Senior Secondary School Mathematics Class 11 Second Hand & Used Book,https://www.amazon.in/Aggarwal-Senior-Secondary-School-Mathematics/dp/B09SV743PN
Senior Secondary School Mathematics For Class 11 Examination 2020-2021&Senior Secondary Mathematics For Class 12 Examination 2020-2021 (Set Of 2 Books),https://www.amazon.in/Senior-Secondary-Mathematics-Examination-2020-2021/dp/B08KFRTXGV
R S Aggarwal Senior Secondary School Mathematics for Class 11 NEW EDITION 2024-25,https://www.amazon.in/Aggarwal-Senior-Secondary-Mathematics-2024-25/dp/B0CSWRKZCL
"Mathematics for Senior Secondary School, Class 11th (USED)",https://www.amazon.in/Mathematics-Senior-Secondary-School-Class/dp/B0DMTKLBYD
R S Aggarwal Senior Secondary School Mathematics for class 11,https://www.amazon.in/Aggarwal-Senior-Secondary-School-Mathematics/dp/B07F1G65CG
Senior Secondary School Mathematics for Class 11,https://www.amazon.in/Senior-Secondary-School-Mathematics-Class/dp/B0CBSFJP73
Senior Secondary School Mathematics Class 11 By RS Aggarwal (Second Hand & USed Book) (S),https://www.amazon.in/Senior-Secondary-School-Mathematics-Aggarwal/dp/B0D9FLYPDF
RD SHARMA MATHEMATICS VOLUME 1 +CONCEPTS OF PHYSICS + SENIOR SECONDARY MATHEMATICS FOR CLASS 11 ( COMBO SET 3 BOOKS),https://www.amazon.in/SHARMA-MATHEMATICS-CONCEPTS-PHYSICS-SECONDARY/dp/B0CKXV58D6
SENIOR SECONDARY SCHOOL MATHEMATICS FOR CLASS-11 BY R. S. AGGARWAL,https://www.amazon.in/SENIOR-SECONDARY-MATHEMATICS-CLASS-11-AGGARWAL/dp/B0D33QFBFM
MGHY Senior Secondary School Mathematics for Class 12 by R S Aggarwal [Paperback] R S Aggarwal (2019-20 Session) [Paperback] R.S. Aggarwal,https://www.amazon.in/Secondary-Mathematics-Aggarwal-Paperback-2019-20/dp/B0CJ6NH6F1
R S Aggarwal Senior Secondary School Mathematics Textbook for Class 12,https://www.amazon.in/Aggarwal-Senior-Secondary-Mathematics-Textbook/dp/B0DKD886GG
"Senior Secondary School Mathematics for CBSE Class 12, Textbook (USED) SHRI ENTERPRISES",https://www.amazon.in/Senior-Secondary-Mathematics-Textbook-ENTERPRISES/dp/B0DMTHBHS8
Senior Secondary School Mathematics for Class 12 [Paperback],https://www.amazon.in/Senior-Secondary-School-Mathematics-Class/dp/B071GRQC5X
Senior Secondary School Mathematics for class 12 by R S aggarw,https://www.amazon.in/Senior-Secondary-School-Mathematics-aggarw/dp/B079CCMDZP
Senior Secondary School Mathematics For Class 12 RS Aggarwal Book In English With Shri Hanuman Chalisa + Shri Mad Bhagwad Gita Free,https://www.amazon.in/Secondary-Mathematics-Aggarwal-English-Hanuman/dp/B0BVVWY115
Senior Secondary School Mathematics Class 12 Second Hand & Used Book (S),https://www.amazon.in/Senior-Secondary-School-Mathematics-Second/dp/B09RQS1FHV
Senior Secondary School Mathematics For Class 12 By R S Aggarwal (2018-19 Session),https://www.amazon.in/Secondary-Mathematics-Aggarwal-2018-19-Session/dp/B07BN8X6PX
Sugam Sanskrit Vyakaran 2,https://www.amazon.in/Sugam-Sanskrit-Vyakaran-RAJ-ENTERPRISES/dp/B0CSG4LTPY
Sugam Sankrit vyakaran part 2,https://www.amazon.in/Sugam-Sankrit-vyakaran-part-2/dp/B09XJQLB8J
The Magic Carpet book 1 by Bharati Bhawan || Bharati Bhawan || Benita Sen || English || Y-2020 || P-96 || Paperback (103109),https://www.amazon.in/Carpet-Bharati-Bhawan-English-Paperback/dp/B0DHQZYCZ7
The Magic Carpet book 1 by Bharati Bhawan || Author : Benita Sen || Language :English || Year : 2020 || Pages : 96 (10239),https://www.amazon.in/Magic-Carpet-Bharati-Bhawan-Author/dp/B0CYBP8DHB
The Magic Carpet 2,https://www.amazon.in/Magic-Carpet-English-Coursebook-Class/dp/9388704223
The Magic Carpet 3,https://www.amazon.in/Magic-Carpet-Book-Class-3/dp/9388704347
The Magic Carpet 4,https://www.amazon.in/Magic-Carpet-4-Amber-Benerjee/dp/B09SGWB67J
The Magic Carpet Book 4 (11493),https://www.amazon.in/11493/dp/B0BZFQ9PRQ
The Magic Carpet 5,https://www.amazon.in/Magic-Carpet-Book-5/dp/9388704444
The Magic Carpet 6,https://www.amazon.in/Magic-Carpet-6-Amber-Benerjee/dp/9388704649
Bharati Bhawan The Magic Carpet Class 6,https://www.amazon.in/Bharati-Bhawan-Magic-Carpet-Class/dp/B0DGGPGXRC
The Magic Carpet 7,https://www.amazon.in/Magic-Carpet-7-Amber-Benerjee/dp/9388704711
The Magic Carpet 8,https://www.amazon.in/Magic-Carpet-8-Amber-Benerjee/dp/938870472X
Bharti The magic carpet class 8 (paperback),https://www.amazon.in/Bharti-magic-carpet-class-paperback/dp/B0D98V4NFS
Concepts of Physics - HC Verma - Volume 1 & 2 with Soltions to both the Volumes - Set of 4 Books - 2023-24/Ed. for 2024-25 Exams [ENGLISH MEDIUM],https://www.amazon.in/Concepts-Physics-Soltions-Volumes-2023-24/dp/B0BZMWW71Z
Concept of Physics by H.C Verma Part - I - Session 2022-23 Paperback – 1 January 2022,https://www.amazon.in/Concept-Physics-H-C-Verma-Part/dp/B0CQTQXC2G
Concept of Physics by H.C Verma Part - I - Session 2022-23,https://www.amazon.in/Concept-Physics-Part-1-2018-2019-Session/dp/8177091875
Concepts of Physics - H. C. Verma - Vol 1 and 2 - Set of 2 Books - 2024/Ed. for 2025 Exams - [ORIGINAL BOOKS WITH TOP GRADE PAPER & PRINT],https://www.amazon.in/Concepts-Physics-Verma-Books-ORIGINAL/dp/B0DH534GW2
HC VERMA Concepts of Physics - Vol. 1 (Old Edition) with Free Car Anti Slip Mat,https://www.amazon.in/HC-VERMA-Concepts-Physics-Vol/dp/B07HLK6WGQ
Concepts of Physics - HC Verma - Volume 1 and 2 - Combo with Solutions Set of 4 Books,https://www.amazon.in/Concepts-Physics-Verma-Combo-Solutions/dp/B0D4LRPFP1
"Concept Of Physics - Part 1 & 2 2019 - 2020 Session Set Of 2 Books Paperback, HC VERMA",https://www.amazon.in/Concept-Physics-Session-Books-Paperback/dp/B0B9K6F3TD
Concepts Of Physics Vol 1&2 By HC Verma (Second Hand & Used Book) (S),https://www.amazon.in/Concepts-Physics-Verma-Second-Hand/dp/B0CLDVP7ZJ
CONCEPTS OF PHYSICS VOL -1 BY H C.VERMA,https://www.amazon.in/CONCEPTS-PHYSICS-VOL-2-H-VERMA/dp/B0B3MPG2CC
Concept of Physics Part 1 Class 11 by HC Verma (Second Hand & Used Book) (M),https://www.amazon.in/Concept-Physics-Class-Verma-Second/dp/B0CLZPZ4C4
Concept of Physics - Part 1 & 2 2019 - 2020 Session (Set of 2 books),https://www.amazon.in/Concept-Physics-Part-Session-books/dp/B07TB7GP2R
Concepts Of Physics VOL - 1 Class-11 And Solutions Of Concepts Of Physics Vol.1,https://www.amazon.in/Concepts-Physics-VOL-Class-11-Solutions/dp/B08PSQ8X6Y
Concept of Physics by H.C Verma Part - I ( 2024-2025 Ed),https://www.amazon.in/Concept-Physics-H-C-Verma-Part/dp/B0D5R5ZY73
Concepts Of Physics VOL - 1 Class-11 And Solutions Of Concepts Of Physics Vol.1,https://www.amazon.in/Concepts-Physics-VOL-Class-11-Solutions/dp/B093DWQKC2
Concepts of Physics - HC Verma - with Solutions - Volume -1 - Set of 2 Books - [ORIGINAL TOP QUALITY PAPER & PRINT] - 2024-25/Ed. with Updated Content,https://www.amazon.in/Concepts-Physics-Solutions-ORIGINAL-QUALITY/dp/B0D3LX73WC
H.C.verma Concepts of Physics with Solutions Part 1 & 2 (Set of 4 Book) [Paperback] H.C.Verma,https://www.amazon.in/H-C-verma-Concepts-Solutions-Paperback-H-C-Verma/dp/B0CBL5WHCF
"Concept of physics Volume -1 : for Class 11,Text Book With Solution By H C Verma",https://www.amazon.in/Concept-physics-1-Class-Solution/dp/B08ZDN6SYT
Concept of Physics by H.C Verma Part - 2 Session 2024-2025 (New Latest Edition with New Updated Contents - Original Copy with Hologam Sticker),https://www.amazon.in/Concept-Physics-H-C-Verma-Part/dp/B0D33P5PPV
Concept Of Physics Volume 1&2 Condition Note:- (Used Very Good),https://www.amazon.in/Concept-Physics-Condition-Note-Used/dp/B09FY4YWR2
Concepts Of Physics Vol 1 Class 11&12 By HC Verma Second Hand & Used Book (M),https://www.amazon.in/Concepts-Physics-Class-Verma-Second/dp/B0BLBPHMW3
Solutions of Concepts of Physics (H.c. Verma) Vol 1 & 2 [Paperback],https://www.amazon.in/Solutions-Concepts-Physics-H-c-Verma/dp/B071XHXFVB
Concept Of Physics Part 1 By Hc Verma Second Hand & Used Book (M),https://www.amazon.in/Concept-Physics-Part-Verma-Second/dp/B0BKZZLBFS
"Concepts of Physics by H C Verma 1, Textbook (USED AND SECOND HAND)",https://www.amazon.in/Concepts-Physics-Verma-Textbook-SECOND/dp/B0DKC7BGBN
Concept of Physics by H.C Verma Part - I Session 2024-2025 (New Latest Edition with New Updated Contents - Original Copy with Hologam Sticker),https://www.amazon.in/Concept-Physics-H-C-Verma-Part/dp/B0D33P2262
HC Verma Concepts of Physics Volume 1 and 2 with Solutions - Set of 4 Books - Latest for 2024-2025 Session with HOLOGRAM,https://www.amazon.in/Verma-Concepts-Physics-Solutions-2024-2025/dp/B0D7J4CJD7
Concept of Physics by H.C Verma Part II with Solution | Revised Edition 2024-25 | Set of 2 Books,https://www.amazon.in/Concept-Physics-Solution-Revised-2024-25/dp/B0D2DGYLB3
Concept of Physics by H.C Verma Part - II - Session 2022-23,https://www.amazon.in/Concept-Physics-Part-2-2018-2019-Session/dp/8177092324
Concepts of Physics Volume 1 and Solution of Concepts of Physics Combo,https://www.amazon.in/Concepts-Physics-Solution-Combo/dp/B0B9K5NZRJ
HC Verma class 11 concepts of Physics part 1 (Old Edition),https://www.amazon.in/Verma-class-concepts-Physics-part/dp/B079D7944H
Concept of Physics by H.C Verma Part – I & II with Solutions of both the Volumes – Set of 4 Books,https://www.amazon.in/Concept-Physics-H-C-Verma-Part/dp/B0D94NCPCG
Concepts of Physics Volume 1 By H C Verma & Aakash Zoology Class 11 FREE With This Book (Second Hand & Used Book) (K),https://www.amazon.in/Concepts-Physics-Aakash-Zoology-Second/dp/B0DG2Z97R2
Concepts of Physics Volume 2 HC Verma,https://www.amazon.in/Concepts-Physics-2-HC-Verma/dp/B0DB2JQQHS
Concepts of Physics Volume 1 And Volume 2 HC Verma With Solutions (Set of 4 books),https://www.amazon.in/Concepts-Physics-Verma-Solutions-books/dp/B0DB2KC8R6
Concepts Of Physics Vol 1 By HC Verma (Second Hand & Used Book) (S),https://www.amazon.in/Concepts-Physics-Verma-Second-Hand/dp/B0CY4JP3SX
Concepts of Physics 1 for Examination 2022-2023,https://www.amazon.in/Concepts-Physics-1-Examination-2022-2023/dp/B09V5DNPDG
Concepts of Physics 1 (2018) (Old Edition),https://www.amazon.in/Concepts-Physics-1-H-C-Verma/dp/B07CRYRZHD
Concepts of physics 1,https://www.amazon.in/Concepts-physics-1-H-Verma/dp/B07NWXLZ4H
Concepts Of Physics Class 11 Part 1 by H.C.Verma (Second Hand & Used Book) (M),https://www.amazon.in/Concepts-Physics-Class-H-C-Verma-Second/dp/B0CM9TFGPG
Concepts Of Physics Vol 1 By HC Verma & Physics Handbook (FREE With This Book) (Second Hand & Used Book) (S),https://www.amazon.in/Concepts-Physics-Verma-Handbook-Second/dp/B0DPX9G7KX
Basic Laws of Electromagnetism+Concept of Physics Part-2 (2019-2020 Session) by H.C Verma+Concept of Physics Part-1 (2019-2020 Session) by H.C Verma(Set of 3 books),https://www.amazon.in/Electromagnetism-Concept-Physics-2019-2020-Session/dp/B08K5QQFJ9
Concepts of Physics Vol 1 & 2 By H C Verma & Aakash Zoology FREE With This Book (Second Hand & Used Book) (K),https://www.amazon.in/Concepts-Physics-Aakash-Zoology-Second/dp/B0DG31BF2N
Foundation Science Physics for Class - X (2019-20) Examination) +Concept of Physics Part-2 (2019-20 Session) by H.C Verma +Concept of Physics Part-1 (2019-20 Session) by H.C Verma (Set of 3 Books),https://www.amazon.in/Foundation-Science-Physics-Class-Examination/dp/B0857JLRH3
Concept Of Physics By H.C Verma Part-Ii-Session 2022-23,https://www.amazon.in/Concept-Physics-H-C-Verma-Part/dp/B0CBNJ8MT2
Concepts of Physics Volume 1 By H C Verma & Aakash Botany Class 11 FREE With This Book (Second Hand & Used Book) (K),https://www.amazon.in/Concepts-Physics-Aakash-Botany-Second/dp/B0DG2ZYC4N
CONCEPTS OF PHYSICS BY HC VERMA PART 1,https://www.amazon.in/CONCEPTS-PHYSICS-HC-VERMA-PART/dp/B01M1AMU27
Concepts Of Physics 1,https://www.amazon.in/Concepts-Of-Physics-1/dp/B01NBVFAHJ
"Bharati Bhawan Publishers - Concept of physics Volume1 for Class 11, TextBook (By AhaGuru)",https://www.amazon.in/Bharati-Bhawan-Publishers-Concept-TextBook/dp/B08CLLM5ND
Combo 0f 3 Books ( R.D Shrama Mathematics part (1-2) + Concept of physics (part1-2) + New Simplified Physics part (1-2),https://www.amazon.in/Mathematics-Concept-physics-part1-2-Simplified/dp/B0CW1XQ9GS
Concep;tual Physics - Paul Hew;tt + Concepts of Physics - Vol 1 & 2 - HC-Verma - Set of 2 Books [ORIGINAL BOOKS-TOP GRADE PRINT & PAPER] - Updated Content 2024-25/Ed.,https://www.amazon.in/Concep-tual-Physics-Concepts-BOOKS-TOP/dp/B0D6B79YTB
Concept of Physics Part-1 (2019-2020 Session) by H.C Verma + Foundation Science Physics for Class -,https://www.amazon.in/Concept-Physics-2019-2020-Session-Foundation/dp/B07YHNRSPH
Concepts of Physics Part 1,https://www.amazon.in/Concepts-Physics-Part-H-C-VERMA/dp/B08PKX7NJ4
Concepts of Physics Volume 1 and 2 By H C Verma & Aakash Zoology FREE With This Book (Second Hand & Used Book) (K),https://www.amazon.in/Concepts-Physics-Aakash-Zoology-Second/dp/B0DG2MH7WH
Concept of Physics by H.C Verma Part - I Session Original Copy with Hologam Sticker),https://www.amazon.in/Concept-Physics-H-C-Verma-Part/dp/8193109384
"Combo of 3 Books ( Pradeep's New Course Chemistry for Class 12 (Vol. 1 & 2) + Concept Of Physics - Part 1 & 2 + Mathematics Class 12 volume 1,2 R.D Sharma )",https://www.amazon.in/Pradeeps-Course-Chemistry-Concept-Physics/dp/B0CW1WBCPZ
Concepts of physics by HC Verma Vol. 1&2 (Old Edition),https://www.amazon.in/Concepts-physics-Verma-Vol-Old/dp/B07FLF899P
Concepts of Physics ( H C Verma ) Part1 with Solutions of both the Volumes - Set of 2 Books,https://www.amazon.in/Concepts-Physics-Verma-Solutions-Volumes/dp/B08Z47LTK4
Combo of 4 Books ( Concepts of Physics Part ( 1-2 ) + R.D Sharma Mathematics part (1-2 ) + New Simplified Physics Part (1-2 ) + Lab Manual of Physics ),https://www.amazon.in/Concepts-Physics-Sharma-Mathematics-Simplified/dp/B0CW37DPNZ
Concepts of Physics - Volume 1 & 2 with Solutions to both the Volumes + Physics Formulae & Definations for Class 11/12/Diploma - Set of 5 Books - 2023-24/Ed. for 2024-25 Exams [ENGLISH MEDIUM],https://www.amazon.in/Concepts-Physics-Solutions-Formulae-Definations/dp/B0CGJVGBTK
HC Verma - Concepts of Physics - Volume 1 & 2 + Booklet of Formulae & Definitions for Class 11th/12th/Diploma for CBSE/ICSE/All other Boards - Set of 3 Books [ENGLISH MEDIUM] - 2024-25,https://www.amazon.in/HC-Verma-Concepts-Formulae-Definitions/dp/B0CGJGKZ9Y
"Concept of physics Volume -1 : for Class 11,Text Book With Solution By H C Verma + Handbook of Chemistry & Physics & Maths Set 5 Books",https://www.amazon.in/Concept-physics-1-Solution-Chemistry/dp/B09169FC5P
HC Verma Concepts of Physics Set - Volume 1 & 2 with Soltions of Concepts of Physics - Volume 1 & 2 : Latest Edition with New Updated Contents - Set of 4 Books (Original Copy with Hologam Sticker),https://www.amazon.in/HC-Verma-Concepts-Physics-Set/dp/B0CVMYJM3C
concept of physics 2,https://www.amazon.in/Hc-Verma-concepts-physics-2/dp/B07HLJD3GJ
H C VERMA CONCEPT OF PHYSICS VOL 1&2 COMBO SET OF 2 BOOKS NEW 2023 EDITION,https://www.amazon.in/VERMA-CONCEPT-PHYSICS-COMBO-BOOKS/dp/B0CQRPBHZ4
MATHEMATICS for IIT-JEE by R. D. SHARMA Set of Two Volumes (Vol 1 & 2) (2019-2020 Session)+Concept of Physics Part-2 (2019-2020 Session) by H.C ... Session) by H.C Verma(Set of 3 books),https://www.amazon.in/MATHEMATICS-IIT-JEE-Volumes-2019-2020-Session/dp/B08KPWSNFQ
Concept of Physics by H.C Verma Part - I & II with Solutions of both the Volumes - Set of 4 Books (2022-2023) Session,https://www.amazon.in/Concept-Physics-H-C-Verma-Part/dp/B09ZV7WWQW
Concepts of Physics 2 by HC Verma [Paperback] H.C.Verma,https://www.amazon.in/Concepts-Physics-2-HC-Verma/dp/B07HC5J6R1
Concepts Of Physics Class 12 Volume 2 Only Second Hand & Used Book,https://www.amazon.in/Concepts-Physics-Class-Only-Second/dp/B09X4C7X8Y
Concepts of Physics - Volume 2 with Solutions - HC Verma - Combo Set of 2 Books - 2024-25/Ed. [ORIGINAL BOOK-TOP PAPER & PRINT QUALITY] - with New Updated Content,https://www.amazon.in/Concepts-Physics-Solutions-ORIGINAL-BOOK-TOP/dp/B0D3LZKYS5
HC Verma Concepts OF Physics Class 12 Volume 2 With Solutions (2024),https://www.amazon.in/Verma-Concepts-Physics-Class-Solutions/dp/B0DJBXNG2Y
Concepts Of Physics Vol 2 By HC Verma (Second Hand & Used Book) (Jisne Hamari Book Ki Mapping Ki Uska Muh Kala)☠☠☠ (S),https://www.amazon.in/Concepts-Physics-Second-Hamari-Mapping/dp/B0D6VR9J6G
Concepts Of Physics Vol 2 By HC Verma (S),https://www.amazon.in/Concepts-Physics-Vol-HC-Verma/dp/B0CQXC26HD
"Concepts of Physics by H C Verma, Volume 2 (USED AND SECOND HAND)",https://www.amazon.in/Concepts-Physics-Verma-USED-SECOND/dp/B0DKC71KLD
CONCEPT OF PHYSICS VOL.2 BY H. C. VERMA,https://www.amazon.in/CONCEPT-PHYSICS-VOL-2-H-VERMA/dp/B0D8YMPCFL
Concepts of Physics Volume 2 and Solution of Concepts of Physics Vol. 2 Combo,https://www.amazon.in/Concepts-Physics-Solution-Vol-Combo/dp/B0B9K7SBHZ
CONCEPTS OF PHYSICS - 2 (USED BOOK),https://www.amazon.in/Concept-of-physics-Vol-2/dp/B07DPSX5XF
Concepts of physics vol 2 by h.c verma,https://www.amazon.in/Concepts-physics-vol-h-c-verma/dp/B07DN7JBKB
concept of physics by hc verma (Old Edition),https://www.amazon.in/concept-physics-hc-verma/dp/B075ZYZGX9
Concepts Of Physics 2 Class 12 HC Verma Second Hand & Used Book,https://www.amazon.in/Concepts-Physics-Class-Verma-Second/dp/B09R47C2HQ
Concepts Of Physics Vol 2 By H C Verma & Aakash Zoology Free With This Book (Second Hand & Used Book) (K),https://www.amazon.in/Concepts-Physics-Aakash-Zoology-Second/dp/B0DG54CVSY
Concepts of physics 2,https://www.amazon.in/Concepts-physics-2-H-Verma/dp/B07MXYFSKV
hC VERMA Concepts Of Physics Part 2,https://www.amazon.in/hC-VERMA-Concepts-Physics-Part/dp/B07D8XT7L7
Concept of Physics Part-2 (2019-2020 Session) by H.C Verma + New Simplified Physics : A Reference Book for Class 12 Examination 2020-2021 (Set of 2 Volumes) (Set of 2 Books),https://www.amazon.in/Concept-Physics-2019-2020-Session-Simplified/dp/B089FHMVDD
Concept of Physics Part-2 by H.C Verma With Kalyan Free,https://www.amazon.in/Concept-Physics-Part-2-Verma-Kalyan/dp/B09MSBVBPD
Modern Approach to Chemical Calculations + Concept of Physics Part-2 (2019-2020 Session) by H.C Verma + Concept of Physics Part-1 (2019-2020 Session) by H.C Verma (Set of 3 Books),https://www.amazon.in/Approach-Chemical-Calculations-Concept-2019-2020/dp/B08M64B24K
Modern Approach To Chemical Calculations - by R.C. Mukerjee (2024-25 Examination),https://www.amazon.in/Modern-Approach-Chemical-Calculations-Mukerjee/dp/938870407X
Modern Approach To Chemical Calculations R C MUKERJEE,https://www.amazon.in/Modern-Approach-Chemical-Calculations-MUKERJEE/dp/B0B4WMP4W2
MODERN APPROACH TO CHEMICAL CALCULATIONS BY RC MUKERJEE FOR ENGINEERING ENTRANCE EXAM,https://www.amazon.in/APPROACH-CHEMICAL-CALCULATIONS-MUKERJEE-ENGINEERING/dp/B01LX2KI31
Modern Approach to Chemical calculations,https://www.amazon.in/Modern-Approach-Chemical-calculations-NA/dp/B09PD4QQ5T
Modern Approach to Chemical calculations by r c mukherjee [Paperback],https://www.amazon.in/Modern-Approach-Chemical-calculations-mukherjee/dp/B071XJ16FF
Modern Approach To Chemical Calculations An Introduction To The Mole Concept Second Hand & Used Book (S),https://www.amazon.in/Approach-Chemical-Calculations-Introduction-Concept/dp/B09TB5XVQ7
Modern Approach to Chemical calculations by r c mukherjee,https://www.amazon.in/Modern-Approach-Chemical-calculations-mukherjee/dp/B0BM7C4M4V
MODERN APPROACH CHEMICAL CALCULATIONS By RC Mukerjee NVB +,https://www.amazon.in/MODERN-APPROACH-CHEMICAL-CALCULATIONS-Mukerjee/dp/B0C6M6HJFQ
Self Learing Modern Approach to Chemical calculations,https://www.amazon.in/Learing-Modern-Approach-Chemical-calculations/dp/B09P41Y5RM
Modern Approach To Physical Chemistry 2,https://www.amazon.in/Modern-Approach-Physical-Chemistry-Structure/dp/9350271931
Chemical Calculations by rc mukharjeeCondition Note:- (Used Very Good),https://www.amazon.in/Chemical-Calculations-mukharjeeCondition-Note-Used/dp/B098MJVWM8
"Modern Approach to Chemical Calculations+Concept of Physics Part-1 (2019-2020 Session) by H.C Verma+Wiley's J.D. Lee Concise Inorganic Chemistry for JEE (Main & Advanced), 4ed, 2021(Set of 3 books)",https://www.amazon.in/Approach-Calculations-2019-2020-Inorganic-Chemistry/dp/B08KPXY56Q
Modern Approach to Chemical Calculations+NCERT Exemplar Problems-Solutions MATHEMATICS class 11th+NCERT Exemplar Problems-Solutions CHEMISTRY class 11th(Set of 3 books),https://www.amazon.in/Approach-Calculations-Problems-Solutions-MATHEMATICS-CHEMISTRY/dp/B08KQ1ZHFN
Bhoutiki Ki Samajh Vol-1 By H C Varma (2024-25 Examination),https://www.amazon.in/Bhoutiki-Ki-Samajh-Vol-1-Varma/dp/9350271990
Buyestops BHARATI BHAWAN Bhoutiki Ki Samajh Vol 1 By HC Verma,https://www.amazon.in/Buyestops-BHARATI-BHAWAN-Bhoutiki-Samajh/dp/B0CH16XF7J
REACTIONS REARRANGEMENTS AND REAGENTS BY SN SNYAL ( BHARATI HAWAN (P&D) ) NEW EDTION 2023,https://www.amazon.in/REACTIONS-REARRANGEMENTS-REAGENTS-BHARATI-EDTION/dp/B0CB15S2Z1
REACTIONS REARRANGEMENTS AND REAGENTS BY S. N. SANYA,https://www.amazon.in/REACTIONS-REARRANGEMENTS-REAGENTS-S-SANYA/dp/B0DCKBZS3T
Reactions Rearrangements and reagents By SN Sanyal NVB+++,https://www.amazon.in/Reactions-Rearrangements-reagents-Sanyal-NVB/dp/B0CJBV4X5G
Reactions Rearrangements and Reagents By SN Sanyal Condition Note:- (Used Very Good),https://www.amazon.in/Reactions-Rearrangements-Reagents-Sanyal-Condition/dp/B09JFZ7CRC
"Reaction, Rearrangements and Reagents By SN Sanyal NVB+++",https://www.amazon.in/Reaction-Rearrangements-Reagents-Sanyal-NVB/dp/B0CJ7YTXD6
Physics MCQ multiple Choice Question Bank with latest pattern and edition,https://www.amazon.in/Physics-multiple-Choice-Question-pattern/dp/B076VR8FYJ
Physics MCQ By D Mukherji Second Hand & Used Book,https://www.amazon.in/Physics-Mukherji-Second-Hand-Used/dp/B09VY2Y4XR
Physics MCQ by D Mukherji,https://www.amazon.in/Physics-MCQ-by-D-Mukherji/dp/B076XVKJ23
Physics MCQ,https://www.amazon.in/Physics-MCQ-Deb-Mukherji-ebook/dp/B07R972S7F
Problems Plus in IIT Mathematics + Physics MCQ (Set Of 2 Book),https://www.amazon.in/Problems-Plus-Mathematics-Physics-Book/dp/B0DGFJ7ZQL
Physics MCQ multiple Choice Question Bank with latest pattern and edition,https://www.amazon.in/Physics-multiple-Choice-Question-pattern/dp/B0CPVWKNW6
Mcq Chemistry,https://www.amazon.in/Chemistry-MCQ-Ashis-Kumar-Ghosh/dp/8177097970
Chemistry MCQ (muliple Choice Question Bank),https://www.amazon.in/Chemistry-muliple-Choice-Question-Bank/dp/8177095641
Chemistry MCQ Condition Note:- (Used Very Good) {My Friend Diary With this Book FREE},https://www.amazon.in/Chemistry-MCQ-Condition-Note-Friend/dp/B098QX9YZ3
Bharati Bhawan Mathematics MCQ,https://www.amazon.in/Bharati-Bhawan-Mathematics-MCQ/dp/B0D9QVVLWT
"Pysics MCQ - Deb Mukherji Mathematics MCQ - Gupta, Asit Das (2024-25 Examination) Set of 2 Book",https://www.amazon.in/Pysics-MCQ-Mukherji-Mathematics-Examination/dp/B0DGF97VFF
Problems Plus in IIT Mathematics - Asit Das Gupta (2024-25 Examination),https://www.amazon.in/Problems-Plus-Mathematics-Asit-Gupta/dp/8177096575
Problems Plus in IIT Mathematics | A Das Gupta (2024-25 Examination),https://www.amazon.in/Problems-Mathematics-Gupta-2024-25-Examination/dp/B0DCJT83ZK
A Das Gopal problems Plus in IIT MATHEMATICS,https://www.amazon.in/Das-Gopal-problems-Plus-MATHEMATICS/dp/B07YKW2R7P
Problems Plus in IIT Mathematics,https://www.amazon.in/Problems-Plus-IIT-Mathematics-Gupta/dp/B08RCPCGYK
Problems Plus in IIT Mathematics By A Das Gupta NVB+++,https://www.amazon.in/Problems-Plus-IIT-Mathematics-Gupta/dp/B0CSXG7WCK
Problems Plus In IIT Mathematics By A Das Gupta Second Hand & Used Book,https://www.amazon.in/Problems-Plus-Mathematics-Gupta-Second/dp/B09SV3XQG5
Problems Plus in IIT Mathematics Condition Note:- (Used Very Good) {My Friend Diary with this Book FREE},https://www.amazon.in/Problems-Plus-Mathematics-Condition-Note/dp/B098XR3BK8
Concept of Physics by H.C Verma Part - I & II with Solutions of both the Volumes - Set of 4 Books (2022-2023) Session & Problems Plus in IIT Mathematics - Asit Das Gupta (2024-25 Examination),https://www.amazon.in/Concept-Physics-H-C-Verma-Part/dp/B0DM2CTJTR
IIT mathematics by A Das Gupta,https://www.amazon.in/IIT-mathematics-Das-Gupta/dp/B076HSBNM2
"Concept of Physics by H.C. Verma Parts I & II with Solutions (Set of 4 Books, 2022-2023) & Problems Plus in IIT Mathematics by Asit Das Gupta.",https://www.amazon.in/Concept-Solutions-2022-2023-Problems-Mathematics/dp/B0DM27ZZCL
HIGHER ALGEBRA+Problems Plus in IIT Mathematics(Set of 2 books),https://www.amazon.in/HIGHER-ALGEBRA-Problems-Mathematics-books/dp/B08KQ2G9QC
Organic Chemistry Volume 1: Chemistry of Organic Compounds,https://www.amazon.in/Organic-Chemistry-Compounds-ebook/dp/B07MDDBKTC
High School Bhoutiki 1,https://www.amazon.in/High-School-Bhoutiki-Krityanand-Prasad/dp/935027017X
Navin High School Bhoutiki 1,https://www.amazon.in/Navin-High-School-Bhoutiki-1/dp/8177097849
High School Bhoutiki 2,https://www.amazon.in/High-School-Bhoutiki-Krityanand-Prasad/dp/9350270145
Navin High School Bhoutiki 2,https://www.amazon.in/Navin-High-School-Bhoutiki-2/dp/8177098551
High School Rasayanshastra 1,https://www.amazon.in/School-Rasayanshastra-Awadhesh-Kumar-Singh/dp/9350270196
High School Rasayanshastra 2,https://www.amazon.in/School-Rasayanshastra-Awadhesh-Kumar-Singh/dp/9350270161
Navin High School Jeevvigyan 1,https://www.amazon.in/Navin-High-School-Jeevvigyan-1/dp/8177097792
High School Jeevvigyan 2,https://www.amazon.in/High-School-Jeevvigyan-Vivekanand-Banerjee/dp/9350270153
Navin High School Jeevvigyan 2,https://www.amazon.in/Navin-High-School-Jeevvigyan-2/dp/8177098446
+2 Jeevvigyan Bhag 2,https://www.amazon.in/2-Jeevvigyan-Bhag/dp/8177099116
High School Prathmik Ganit 1,https://www.amazon.in/High-School-Prathmik-Ganit-1/dp/8177099523
High School Prathmik Ganit 2 / E5,https://www.amazon.in/High-School-Prathmik-Ganit-2/dp/8177099612
Bundle pack of High school prathmic ganit bhag 2 and their solution Class 10th CBSE,https://www.amazon.in/Bundle-school-prathmic-ganit-solution/dp/9360317047
Sugam Ganit 1th,https://www.amazon.in/Sugam-Ganit-Asit-Das-Gupta/dp/8177099663
Sugam Ganit 2,https://www.amazon.in/Sugam-Ganit-Asit-Das-Gupta/dp/9350270250
Sugam Vigyan 1 - Hindi,https://www.amazon.in/Sugam-Vigyan-1-Vivekanand-Banerjee/dp/9350270080
Sugam Vigyan 3,https://www.amazon.in/Sugam-Vigyan-3-Vivekanand-Banerjee/dp/9350270498
Sugam Vigyan 2,https://www.amazon.in/Sugam-Vigyan-2-Vivekanand-Banerjee/dp/9350270285
