https://www.flipkart.com/class-6th-basic-science-our-world-then-now-combo-pack-2022/p/itm86049271d5bce,PID not found
https://www.flipkart.com/foundation-science-physics-class-10-cbse-h-c-verma-examination-2023-2024-2023/p/itm6ef805024c674,PID not found
https://www.flipkart.com/foundation-science-physics-class-10-pb-english/p/itmd32rakbyjzdqw,PID not found
https://www.flipkart.com/hindi-reader-2/p/itm227c00b65607c,PID not found
https://www.flipkart.com/junior-maths-class-3-old-like-new-book/p/itm48f472e23fd20,PID not found
https://www.flipkart.com/math-steps-step/p/itm059b85d1dda1e,PID not found
https://www.flipkart.com/math-steps-class-3-mathematics-boos-iii-junior-book/p/itm76dd5ca7ae22d,PID not found
https://www.flipkart.com/sugam-sanskrit-vyakaran-class-7-based-ncert/p/itm8445caf39bd10,PID not found
https://www.flipkart.com/sanskrit-course-beginners-pt-ii/p/itmd93b4tj5nacau,PID not found
https://www.flipkart.com/secondary-school-mathematics-class-9-cbse-r-s-aggarwal-examination/p/itm3eed5430e4a1b,PID not found
https://www.flipkart.com/senior-secondary-school-mathematics-class-12-r-s-aggarwal-2024-25-examination-paperback/p/itmd74b2a4249b8d,PID not found
https://www.flipkart.com/magic-carpet-4-integrated-english-coursebook/p/itm997760b73af2c,PID not found
https://www.flipkart.com/concepts-phyics-v-1-2023/p/itma5238182f0ec1,PID not found
https://www.flipkart.com/cocept-physics-part-2-h-c-verma/p/itmbb5a05c34a589,PID not found
https://www.flipkart.com/cocept-physics-part-2-h-c-verma-hardcopy-paperbook-verma/p/itm53b8269bc1e69,PID not found
https://www.flipkart.com/physics-mcq-multiple-choice-question-bank-mukherji-deb-author-english-bharati-bhawan-publishers-distributors-paperback-english/p/itmdyufkmqzscbq4,PID not found
https://www.flipkart.com/problems-plus-iit-mathematics/p/itm74e5987ca67e8,PID not found
https://www.flipkart.com/class-6th-basic-science-our-world-then-now-combo-pack-2022/p/itm86049271d5bce,PID not found
https://www.flipkart.com/foundation-science-physics-class-10-cbse-h-c-verma-examination-2023-2024-2023/p/itm6ef805024c674,PID not found
https://www.flipkart.com/foundation-science-physics-class-10-pb-english/p/itmd32rakbyjzdqw,PID not found
https://www.flipkart.com/hindi-reader-2/p/itm227c00b65607c,PID not found
https://www.flipkart.com/junior-maths-class-3-old-like-new-book/p/itm48f472e23fd20,PID not found
https://www.flipkart.com/math-steps-step/p/itm059b85d1dda1e,PID not found
https://www.flipkart.com/math-steps-class-3-mathematics-boos-iii-junior-book/p/itm76dd5ca7ae22d,PID not found
https://www.flipkart.com/sugam-sanskrit-vyakaran-class-7-based-ncert/p/itm8445caf39bd10,PID not found
https://www.flipkart.com/sanskrit-course-beginners-pt-ii/p/itmd93b4tj5nacau,PID not found
https://www.flipkart.com/secondary-school-mathematics-class-9-cbse-r-s-aggarwal-examination/p/itm3eed5430e4a1b,PID not found
https://www.flipkart.com/senior-secondary-school-mathematics-class-12-r-s-aggarwal-2024-25-examination-paperback/p/itmd74b2a4249b8d,PID not found
https://www.flipkart.com/magic-carpet-4-integrated-english-coursebook/p/itm997760b73af2c,PID not found
https://www.flipkart.com/concepts-phyics-v-1-2023/p/itma5238182f0ec1,PID not found
https://www.flipkart.com/cocept-physics-part-2-h-c-verma/p/itmbb5a05c34a589,PID not found
https://www.flipkart.com/cocept-physics-part-2-h-c-verma-hardcopy-paperbook-verma/p/itm53b8269bc1e69,PID not found
https://www.flipkart.com/physics-mcq-multiple-choice-question-bank-mukherji-deb-author-english-bharati-bhawan-publishers-distributors-paperback-english/p/itmdyufkmqzscbq4,PID not found
https://www.flipkart.com/problems-plus-iit-mathematics/p/itm74e5987ca67e8,PID not found
https://www.flipkart.com/class-6th-basic-science-our-world-then-now-combo-pack-2022/p/itm86049271d5bce,PID not found
https://www.flipkart.com/foundation-science-physics-class-10-cbse-h-c-verma-examination-2023-2024-2023/p/itm6ef805024c674,PID not found
https://www.flipkart.com/foundation-science-physics-class-10-pb-english/p/itmd32rakbyjzdqw,PID not found
https://www.flipkart.com/hindi-reader-2/p/itm227c00b65607c,PID not found
https://www.flipkart.com/junior-maths-class-3-old-like-new-book/p/itm48f472e23fd20,PID not found
https://www.flipkart.com/math-steps-step/p/itm059b85d1dda1e,PID not found
https://www.flipkart.com/math-steps-class-3-mathematics-boos-iii-junior-book/p/itm76dd5ca7ae22d,PID not found
https://www.flipkart.com/sugam-sanskrit-vyakaran-class-7-based-ncert/p/itm8445caf39bd10,PID not found
https://www.flipkart.com/sanskrit-course-beginners-pt-ii/p/itmd93b4tj5nacau,PID not found
https://www.flipkart.com/secondary-school-mathematics-class-9-cbse-r-s-aggarwal-examination/p/itm3eed5430e4a1b,PID not found
https://www.flipkart.com/senior-secondary-school-mathematics-class-12-r-s-aggarwal-2024-25-examination-paperback/p/itmd74b2a4249b8d,PID not found
https://www.flipkart.com/magic-carpet-4-integrated-english-coursebook/p/itm997760b73af2c,PID not found
https://www.flipkart.com/concepts-phyics-v-1-2023/p/itma5238182f0ec1,PID not found
https://www.flipkart.com/cocept-physics-part-2-h-c-verma/p/itmbb5a05c34a589,PID not found
https://www.flipkart.com/cocept-physics-part-2-h-c-verma-hardcopy-paperbook-verma/p/itm53b8269bc1e69,PID not found
https://www.flipkart.com/physics-mcq-multiple-choice-question-bank-mukherji-deb-author-english-bharati-bhawan-publishers-distributors-paperback-english/p/itmdyufkmqzscbq4,PID not found
https://www.flipkart.com/problems-plus-iit-mathematics/p/itm74e5987ca67e8,PID not found
https://www.flipkart.com/class-6th-basic-science-our-world-then-now-combo-pack-2022/p/itm86049271d5bce,PID not found
https://www.flipkart.com/foundation-science-physics-class-10-cbse-h-c-verma-examination-2023-2024-2023/p/itm6ef805024c674,PID not found
https://www.flipkart.com/foundation-science-physics-class-10-pb-english/p/itmd32rakbyjzdqw,PID not found
https://www.flipkart.com/hindi-reader-2/p/itm227c00b65607c,PID not found
https://www.flipkart.com/junior-maths-class-3-old-like-new-book/p/itm48f472e23fd20,PID not found
https://www.flipkart.com/math-steps-step/p/itm059b85d1dda1e,PID not found
https://www.flipkart.com/math-steps-class-3-mathematics-boos-iii-junior-book/p/itm76dd5ca7ae22d,PID not found
https://www.flipkart.com/sugam-sanskrit-vyakaran-class-7-based-ncert/p/itm8445caf39bd10,PID not found
https://www.flipkart.com/sanskrit-course-beginners-pt-ii/p/itmd93b4tj5nacau,PID not found
https://www.flipkart.com/secondary-school-mathematics-class-9-cbse-r-s-aggarwal-examination/p/itm3eed5430e4a1b,PID not found
https://www.flipkart.com/senior-secondary-school-mathematics-class-12-r-s-aggarwal-2024-25-examination-paperback/p/itmd74b2a4249b8d,PID not found
https://www.flipkart.com/magic-carpet-4-integrated-english-coursebook/p/itm997760b73af2c,PID not found
https://www.flipkart.com/concepts-phyics-v-1-2023/p/itma5238182f0ec1,PID not found
https://www.flipkart.com/cocept-physics-part-2-h-c-verma/p/itmbb5a05c34a589,PID not found
https://www.flipkart.com/cocept-physics-part-2-h-c-verma-hardcopy-paperbook-verma/p/itm53b8269bc1e69,PID not found
https://www.flipkart.com/physics-mcq-multiple-choice-question-bank-mukherji-deb-author-english-bharati-bhawan-publishers-distributors-paperback-english/p/itmdyufkmqzscbq4,PID not found
https://www.flipkart.com/problems-plus-iit-mathematics/p/itm74e5987ca67e8,PID not found
https://www.flipkart.com/elementary-problems-organic-chemistry-jee-solutions-combo/p/itmffezzpgh8tzep,PID not found
https://www.flipkart.com/advanced-problems-organic-chemsitry-jee-mains-adv-17th-edtion-solutions-manual-same-set-2-books/p/itmc6f6ac041d2f9,PID not found
https://www.flipkart.com/advance-problems-mathematics-jee/p/itme4f376xgjyzrz,PID not found
https://www.flipkart.com/advance-problems-mathematics-jee-vikas-gupta-shri-balaji-pblication/p/itmen7sretkv7jhy,PID not found
https://www.flipkart.com/solution-advanced-problems-mathematics-jee-main/p/itmeukxrxhpv8upz,PID not found
https://www.flipkart.com/advanced-problems-coordinate-geometry-jee-main-advanced-10-edition-2022-23-session/p/itm6e646e18e5c9c,PID not found
https://www.flipkart.com/problems-physics-mechanics-jee-main-advanced/p/itm3b44898be4c06,PID not found
https://www.flipkart.com/problems-physics-electricity-magnetism-jee-main-advanced/p/itmf8j7bhb3yfcak,PID not found
https://www.flipkart.com/shree-balaji-problems-physics-electricity-magnetism-jee-main-advanced/p/itmf6cw4e3hjvjk8,PID not found
https://www.flipkart.com/elementary-problems-organic-chemistry-jee-solutions-combo/p/itmffezzpgh8tzep,PID not found
https://www.flipkart.com/advanced-problems-organic-chemsitry-jee-mains-adv-17th-edtion-solutions-manual-same-set-2-books/p/itmc6f6ac041d2f9,PID not found
https://www.flipkart.com/advance-problems-mathematics-jee/p/itme4f376xgjyzrz,PID not found
https://www.flipkart.com/advance-problems-mathematics-jee-vikas-gupta-shri-balaji-pblication/p/itmen7sretkv7jhy,PID not found
https://www.flipkart.com/solution-advanced-problems-mathematics-jee-main/p/itmeukxrxhpv8upz,PID not found
https://www.flipkart.com/advanced-problems-coordinate-geometry-jee-main-advanced-10-edition-2022-23-session/p/itm6e646e18e5c9c,PID not found
https://www.flipkart.com/problems-physics-mechanics-jee-main-advanced/p/itm3b44898be4c06,PID not found
https://www.flipkart.com/problems-physics-electricity-magnetism-jee-main-advanced/p/itmf8j7bhb3yfcak,PID not found
https://www.flipkart.com/shree-balaji-problems-physics-electricity-magnetism-jee-main-advanced/p/itmf6cw4e3hjvjk8,PID not found
https://www.flipkart.com/elementary-problems-organic-chemistry-neet-2021-22-free-solution-manual-book/p/itmd1d1142f0bf16,PID not found
https://www.flipkart.com/problems-inorganic-chemistry-neet-free-ncert-exemplar-chem-class-11-book/p/itm0711a3e30371a,PID not found
https://www.flipkart.com/advanced-problems-mathematics-jee-main/p/itm16ca76df93a5d,PID not found
https://www.flipkart.com/problems-physical-chemistry-neet-2021-22-free-ncert-exemplar-chem-class-12-book/p/itm36848284e2675,PID not found
https://www.flipkart.com/elementary-problems-organic-chemistry-jee-solutions-combo/p/itmffezzpgh8tzep,PID not found
https://www.flipkart.com/junior-maths-class-2-old-like-new-book/p/itm01d0c63b20198?pid=RBKGUB8TE9H9FY3Y,getaddrinfo EAI_AGAIN 1.rome.api.flipkart.com
https://www.flipkart.com/junior-maths-class-2/p/itm2669b3f7751ba?pid=RBKGGB4ZHQKKBKGF,getaddrinfo EAI_AGAIN 1.rome.api.flipkart.com
https://www.flipkart.com/problems-plus-iit-mathematics/p/itm396007eeed94a?pid=RBKGG5MGJYMT3DEE,getaddrinfo EAI_AGAIN 1.rome.api.flipkart.com
https://www.flipkart.com/sugam-ganit-all-competitive-exam/p/itm703cca2e77496?pid=RBKGM749YAJYSFQH,getaddrinfo EAI_AGAIN 1.rome.api.flipkart.com
https://www.flipkart.com/elementary-problems-organic-chemistry-jee-solutions-combo/p/itmffezzpgh8tzep,PID not found
https://www.flipkart.com/advanced-problems-mathematics-jee-main/p/itm16ca76df93a5d,PID not found
